east_station_id,west_station_id,normalized_along_gulf_coordinate,xi_mismatch,east_alongshore_distance_m,west_alongshore_distance_m,east_distance_to_20m_isobath,west_distance_to_20m_isobath,east_raw_source_id,west_raw_source_id,east_median_top3_response,west_median_top3_response
east_0000,west_0000,0,0,0,0,15.5888445105,1293.32579585,gmrt_shore_blend,gmrt_shore_blend,nan,6.64947994929
east_0001,west_0001,0.00290230300142,0.00010490058822,500,500,50.4422572041,671.546049858,gmrt_shore_blend,gmrt_shore_blend,nan,6.57806188418
east_0002,west_0002,0.00580460600284,0.00020980117644,1000,1000,53.6747822169,768.223089269,copernicus_a2_land_core,gmrt_shore_blend,nan,nan
east_0003,west_0003,0.00870690900426,0.00031470176466,1500,1500,20.410891268,843.290485648,copernicus_a2_land_core,gmrt_shore_blend,nan,nan
east_0004,west_0004,0.0116092120057,0.00041960235288,2000,2000,26.6574283364,813.44500068,gmrt_shore_blend,gmrt_shore_blend,nan,nan
east_0005,west_0005,0.0145115150071,0.0005245029411,2500,2500,57.7303593565,935.676310286,gmrt_shore_blend,gmrt_shore_blend,nan,nan
east_0006,west_0006,0.0174138180085,0.00062940352932,3000,3000,31.9809469252,959.82606827,gmrt_shore_blend,gmrt_shore_blend,nan,7.13316457818
east_0007,west_0007,0.0203161210099,0.000734304117541,3500,3500,57.4763524867,594.293805374,gmrt_shore_blend,gmrt_shore_blend,nan,nan
east_0008,west_0008,0.0232184240114,0.000839204705761,4000,4000,82.9619944962,507.270667284,copernicus_a2_land_core,gmrt_shore_blend,nan,nan
east_0009,west_0009,0.0261207270128,0.000944105293981,4500,4500,28.9342930239,440.804179466,gmrt_shore_blend,gmrt_shore_blend,nan,nan
east_0010,west_0010,0.0290230300142,0.0010490058822,5000,5000,17.8231626866,429.468937027,gmrt_shore_blend,gmrt_shore_blend,nan,nan
east_0011,west_0011,0.0319253330156,0.00115390647042,5500,5500,15.6893810124,487.069418793,gmrt_shore_blend,gmrt_shore_blend,16.8834303201,nan
east_0012,west_0012,0.034827636017,0.00125880705864,6000,6000,33.5884418216,554.374142246,gmrt_shore_blend,gmrt_shore_blend,14.1455877897,nan
east_0013,west_0013,0.0377299390185,0.00136370764686,6500,6500,39.2158190654,581.431551726,copernicus_a2_land_core,gmrt_shore_blend,nan,nan
east_0014,west_0015,0.0406322420199,0.00132879417812,7000,7500,91.8224508872,935.756645801,gmrt_shore_blend,gmrt_shore_blend,nan,nan
east_0015,west_0016,0.0435345450213,0.0012238935899,7500,8000,52.7956650198,1147.68242727,copernicus_a2_land_core,gmrt_shore_blend,nan,nan
east_0016,west_0017,0.0464368480227,0.00111899300168,8000,8500,14.0820655405,1171.9747447,gmrt_shore_blend,gmrt_shore_blend,nan,nan
east_0017,west_0018,0.0493391510241,0.00101409241346,8500,9000,12.3278028716,1242.47476496,copernicus_a2_land_core,gmrt_shore_blend,15.749069969,nan
east_0018,west_0019,0.0522414540256,0.000909191825239,9000,9500,23.3928775597,863.167501341,gmrt_shore_blend,gmrt_shore_blend,17.1794423147,nan
east_0019,west_0020,0.055143757027,0.000804291237019,9500,10000,36.2513941011,345.032298463,gmrt_shore_blend,gmrt_shore_blend,nan,nan
east_0020,west_0021,0.0580460600284,0.000699390648799,10000,10500,56.3039001975,299.820888527,gmrt_shore_blend,gmrt_shore_blend,nan,nan
east_0021,west_0022,0.0609483630298,0.000594490060579,10500,11000,59.0493494868,378.751805903,gmrt_shore_blend,copernicus_a2_land_core,nan,nan
east_0022,west_0023,0.0638506660312,0.000489589472359,11000,11500,61.4608699642,429.008436005,gmrt_shore_blend,gmrt_shore_blend,nan,nan
east_0023,west_0024,0.0667529690327,0.000384688884139,11500,12000,39.6655232263,439.64282314,gmrt_shore_blend,gmrt_shore_blend,nan,nan
east_0024,west_0025,0.0696552720341,0.000279788295919,12000,12500,31.4865574297,378.120811394,gmrt_shore_blend,gmrt_core,nan,nan
east_0025,west_0026,0.0725575750355,0.000174887707698,12500,13000,27.6210485203,268.498925965,gmrt_shore_blend,gmrt_core,nan,nan
east_0026,west_0027,0.0754598780369,6.99871194784e-05,13000,13500,22.4667531028,186.740770556,gmrt_shore_blend,gmrt_core,nan,nan
east_0027,west_0028,0.0783621810384,3.49134687417e-05,13500,14000,18.5829739533,182.75989416,gmrt_shore_blend,gmrt_shore_blend,nan,nan
east_0028,west_0029,0.0812644840398,0.000139814056962,14000,14500,15.2759290128,230.406499739,gmrt_shore_blend,gmrt_shore_blend,nan,nan
east_0029,west_0030,0.0841667870412,0.000244714645182,14500,15000,16.0028571396,188.902378,gmrt_shore_blend,gmrt_shore_blend,nan,nan
east_0030,west_0031,0.0870690900426,0.000349615233402,15000,15500,23.6342358736,247.082625846,gmrt_shore_blend,gmrt_shore_blend,nan,nan
east_0031,west_0032,0.089971393044,0.000454515821622,15500,16000,31.215176276,265.955883528,gmrt_shore_blend,gmrt_shore_blend,nan,nan
east_0032,west_0033,0.0928736960455,0.000559416409842,16000,16500,22.1430771115,361.949585175,gmrt_shore_blend,gmrt_shore_blend,nan,5.59504322337
east_0033,west_0034,0.0957759990469,0.000664316998062,16500,17000,39.6446627963,359.762443771,gmrt_shore_blend,gmrt_shore_blend,nan,nan
east_0034,west_0035,0.0986783020483,0.000769217586282,17000,17500,22.3008768948,360.005290418,copernicus_a2_land_core,gmrt_shore_blend,16.2124860104,nan
east_0035,west_0036,0.10158060505,0.000874118174502,17500,18000,21.0741263424,nan,gmrt_shore_blend,gmrt_shore_blend,nan,nan
east_0036,west_0037,0.104482908051,0.000979018762722,18000,18500,19.3930273207,276.20379925,copernicus_a2_land_core,gmrt_shore_blend,nan,nan
east_0037,west_0038,0.107385211053,0.00108391935094,18500,19000,66.8260793907,130.583152344,copernicus_a2_land_core,gmrt_shore_blend,15.9721977369,nan
east_0038,west_0039,0.110287514054,0.00118881993916,19000,19500,62.4722284075,129.818350968,copernicus_a2_land_core,gmrt_shore_blend,nan,nan
east_0039,west_0040,0.113189817055,0.00129372052738,19500,20000,25.9782732981,162.972013098,copernicus_a2_land_core,gmrt_shore_blend,nan,nan
east_0040,west_0041,0.116092120057,0.0013986211156,20000,20500,64.2825013036,177.731132628,copernicus_a2_land_core,gmrt_shore_blend,nan,nan
east_0041,west_0043,0.118994423058,0.00129388070938,20500,21500,33.3407282684,240.668193408,copernicus_a2_land_core,gmrt_shore_blend,nan,nan
east_0042,west_0044,0.12189672606,0.00118898012116,21000,22000,21.3208876426,290.589765243,copernicus_a2_land_core,gmrt_shore_blend,nan,nan
east_0043,west_0045,0.124799029061,0.00108407953294,21500,22500,17.659090243,156.673745256,copernicus_a2_land_core,gmrt_shore_blend,nan,7.9548959366
east_0044,west_0046,0.127701332062,0.000979178944717,22000,23000,28.4682630603,113.408565132,copernicus_a2_land_core,gmrt_shore_blend,nan,6.14483433307
east_0045,west_0047,0.130603635064,0.000874278356497,22500,23500,54.8993084638,77.1200577766,copernicus_a2_land_core,gmrt_shore_blend,17.1762494077,nan
east_0046,west_0048,0.133505938065,0.000769377768277,23000,24000,18.4215393754,84.356405094,gmrt_shore_blend,gmrt_shore_blend,nan,nan
east_0047,west_0049,0.136408241067,0.000664477180057,23500,24500,35.4995045997,100.391098043,gmrt_shore_blend,gmrt_shore_blend,nan,nan
east_0048,west_0050,0.139310544068,0.000559576591837,24000,25000,20.3356766385,104.324245431,gmrt_shore_blend,gmrt_shore_blend,nan,nan
east_0049,west_0051,0.14221284707,0.000454676003617,24500,25500,14.419874314,252.010346127,gmrt_shore_blend,gmrt_shore_blend,nan,5.56659127683
east_0050,west_0052,0.145115150071,0.000349775415397,25000,26000,92.2067415449,202.546824542,gmrt_shore_blend,gmrt_shore_blend,nan,nan
east_0051,west_0053,0.148017453072,0.000244874827177,25500,26500,67.9450473577,69.3113602584,copernicus_a2_land_core,gmrt_shore_blend,nan,nan
east_0052,west_0054,0.150919756074,0.000139974238957,26000,27000,12.9732586703,96.519194102,gmrt_shore_blend,gmrt_shore_blend,16.9050749379,nan
east_0053,west_0055,0.153822059075,3.50736507367e-05,26500,27500,22.2556593215,202.391703365,gmrt_shore_blend,gmrt_shore_blend,nan,nan
east_0054,west_0056,0.156724362077,6.98269374834e-05,27000,28000,22.1651195016,246.7394699,gmrt_shore_blend,gmrt_shore_blend,17.9321904857,nan
east_0055,west_0057,0.159626665078,0.000174727525703,27500,28500,11.8606355457,252.415142486,gmrt_shore_blend,gmrt_shore_blend,28.9142529493,nan
east_0056,west_0058,0.16252896808,0.000279628113924,28000,29000,14.1186019439,251.789638666,copernicus_a2_land_core,gmrt_shore_blend,nan,nan
east_0057,west_0059,0.165431271081,0.000384528702144,28500,29500,71.8229662394,299.913902508,copernicus_a2_land_core,gmrt_shore_blend,nan,nan
east_0058,west_0060,0.168333574082,0.000489429290364,29000,30000,32.6483179237,474.467523915,gmrt_shore_blend,gmrt_shore_blend,27.7789975221,nan
east_0059,west_0061,0.171235877084,0.000594329878584,29500,30500,15.2999658199,640.111752575,gmrt_shore_blend,gmrt_shore_blend,nan,7.25247065007
east_0060,west_0062,0.174138180085,0.000699230466804,30000,31000,25.8980477453,514.357417255,copernicus_a2_land_core,gmrt_shore_blend,nan,nan
east_0061,west_0063,0.177040483087,0.000804131055024,30500,31500,16.4023991151,510.986072575,copernicus_a2_land_core,gmrt_shore_blend,nan,12.2636008429
east_0062,west_0064,0.179942786088,0.000909031643244,31000,32000,10.313847444,532.885187992,copernicus_a2_land_core,gmrt_shore_blend,nan,nan
east_0063,west_0065,0.182845089089,0.00101393223146,31500,32500,15.7306087191,630.431069832,copernicus_a2_land_core,gmrt_shore_blend,nan,nan
east_0064,west_0066,0.185747392091,0.00111883281968,32000,33000,11.6356602548,1047.70454946,gmrt_shore_blend,gmrt_shore_blend,nan,nan
east_0065,west_0067,0.188649695092,0.0012237334079,32500,33500,80.8352111527,1269.65049897,gmrt_shore_blend,gmrt_shore_blend,16.1314382356,5.63402816423
east_0066,west_0068,0.191551998094,0.00132863399612,33000,34000,49.7328441583,1215.57527751,copernicus_a2_land_core,gmrt_shore_blend,nan,nan
east_0067,west_0070,0.194454301095,0.00136386782886,33500,35000,16.8936086015,1810.56532498,copernicus_a2_land_core,gmrt_shore_blend,16.7379383988,6.70747087824
east_0068,west_0071,0.197356604097,0.00125896724064,34000,35500,13.8962708686,528.231756588,gmrt_shore_blend,copernicus_a2_land_core,nan,nan
east_0069,west_0072,0.200258907098,0.00115406665242,34500,36000,16.7661521156,447.392407798,copernicus_a2_land_core,gmrt_shore_blend,17.2282248025,6.0009826301
east_0070,west_0073,0.203161210099,0.0010491660642,35000,36500,12.0555511951,308.775883897,gmrt_shore_blend,copernicus_a2_land_core,17.7239902073,nan
east_0071,west_0074,0.206063513101,0.000944265475976,35500,37000,4.68831560772,427.621260115,copernicus_a2_land_core,gmrt_shore_blend,16.8304720583,nan
east_0072,west_0075,0.208965816102,0.000839364887756,36000,37500,23.8356273422,303.286255032,gmrt_shore_blend,gmrt_shore_blend,23.6787296587,nan
east_0073,west_0076,0.211868119104,0.000734464299536,36500,38000,8.7991802721,200.287940407,gmrt_shore_blend,gmrt_shore_blend,nan,nan
east_0074,west_0077,0.214770422105,0.000629563711315,37000,38500,14.3641396015,230.109017488,gmrt_shore_blend,gmrt_shore_blend,nan,nan
east_0075,west_0078,0.217672725107,0.000524663123095,37500,39000,11.0785445407,268.300439012,copernicus_a2_land_core,gmrt_shore_blend,nan,5.00869027152
east_0076,west_0079,0.220575028108,0.000419762534875,38000,39500,21.4646567262,352.258086572,gmrt_shore_blend,gmrt_shore_blend,17.0806895533,nan
east_0077,west_0080,0.223477331109,0.000314861946655,38500,40000,14.3280557507,153.788232655,gmrt_shore_blend,gmrt_shore_blend,18.5217449191,nan
east_0078,west_0081,0.226379634111,0.000209961358435,39000,40500,8.39296222156,442.568037176,copernicus_a2_land_core,gmrt_shore_blend,nan,7.03021053806
east_0079,west_0082,0.229281937112,0.000105060770215,39500,41000,71.3177724239,457.935901899,gmrt_shore_blend,gmrt_shore_blend,11.8932364298,6.0783762404
east_0080,west_0083,0.232184240114,1.60181995001e-07,40000,41500,16.1427362091,583.161667602,copernicus_a2_land_core,gmrt_shore_blend,nan,5.92718449588
east_0081,west_0084,0.235086543115,0.000104740406225,40500,42000,70.8174526685,553.21687425,copernicus_a2_land_core,gmrt_shore_blend,18.4476041902,5.39381569262
east_0082,west_0085,0.237988846116,0.000209640994445,41000,42500,34.4879292825,405.479339481,copernicus_a2_land_core,gmrt_shore_blend,nan,nan
east_0083,west_0086,0.240891149118,0.000314541582665,41500,43000,14.0410951788,450.062435587,gmrt_shore_blend,gmrt_shore_blend,16.8576261061,7.3963755071
east_0084,west_0087,0.243793452119,0.000419442170885,42000,43500,19.8083540976,481.724090051,gmrt_shore_blend,gmrt_shore_blend,18.4864156385,4.61194849947
east_0085,west_0088,0.246695755121,0.000524342759105,42500,44000,20.504034009,266.607065518,gmrt_shore_blend,gmrt_shore_blend,nan,nan
east_0086,west_0089,0.249598058122,0.000629243347325,43000,44500,11.3590129658,201.778466787,gmrt_shore_blend,gmrt_shore_blend,nan,6.85377274734
east_0087,west_0090,0.252500361124,0.000734143935545,43500,45000,14.0252800792,212.536347367,gmrt_shore_blend,gmrt_shore_blend,nan,5.95906274432
east_0088,west_0091,0.255402664125,0.000839044523766,44000,45500,34.7926032823,478.190332969,gmrt_shore_blend,gmrt_shore_blend,nan,5.79041946285
east_0089,west_0092,0.258304967126,0.000943945111986,44500,46000,67.8849213421,403.807540042,gmrt_shore_blend,gmrt_shore_blend,nan,nan
east_0090,west_0093,0.261207270128,0.00104884570021,45000,46500,36.0713909676,472.781643073,gmrt_shore_blend,gmrt_shore_blend,nan,nan
east_0091,west_0094,0.264109573129,0.00115374628843,45500,47000,29.4896823399,408.654470106,copernicus_a2_land_core,gmrt_shore_blend,nan,6.14880558743
east_0092,west_0095,0.267011876131,0.00125864687665,46000,47500,34.7071285283,348.907520256,gmrt_shore_blend,gmrt_shore_blend,nan,nan
east_0093,west_0096,0.269914179132,0.00136354746487,46500,48000,13.8729829052,383.446716837,gmrt_shore_blend,gmrt_shore_blend,nan,3.1703576157
east_0094,west_0098,0.272816482134,0.00132895436011,47000,49000,16.2709829825,198.637511645,copernicus_a2_land_core,gmrt_shore_blend,nan,nan
east_0095,west_0099,0.275718785135,0.00122405377189,47500,49500,6.80225527734,148.67872118,copernicus_a2_land_core,gmrt_shore_blend,nan,nan
east_0096,west_0100,0.278621088136,0.00111915318367,48000,50000,8.64511347968,167.077790395,gmrt_shore_blend,gmrt_shore_blend,nan,nan
east_0097,west_0101,0.281523391138,0.00101425259545,48500,50500,7.95033941266,145.589603768,copernicus_a2_land_core,gmrt_core,nan,nan
east_0098,west_0102,0.284425694139,0.000909352007234,49000,51000,12.418605647,174.535967228,gmrt_shore_blend,gmrt_core,nan,5.62186791555
east_0099,west_0103,0.287327997141,0.000804451419014,49500,51500,12.8827777269,240.522021326,copernicus_a2_land_core,gmrt_shore_blend,nan,nan
east_0100,west_0104,0.290230300142,0.000699550830794,50000,52000,8.72512564899,174.603685688,copernicus_a2_land_core,gmrt_shore_blend,nan,nan
east_0101,west_0105,0.293132603143,0.000594650242574,50500,52500,21.0333383923,220.122324874,copernicus_a2_land_core,gmrt_shore_blend,nan,nan
east_0102,west_0106,0.296034906145,0.000489749654354,51000,53000,10.3593812719,142.99122388,gmrt_shore_blend,gmrt_shore_blend,nan,nan
east_0103,west_0107,0.298937209146,0.000384849066134,51500,53500,6.79470993896,197.486351037,copernicus_a2_land_core,gmrt_shore_blend,nan,nan
east_0104,west_0108,0.301839512148,0.000279948477914,52000,54000,1.7017809084,269.359575559,gmrt_shore_blend,gmrt_core,nan,nan
east_0105,west_0109,0.304741815149,0.000175047889693,52500,54500,2.62454272692,476.818884789,copernicus_a2_land_core,gmrt_shore_blend,nan,nan
east_0106,west_0110,0.307644118151,7.01473014734e-05,53000,55000,13.0138075202,441.577542661,ribot_gmrt_shore_blend,gmrt_shore_blend,nan,nan
east_0107,west_0111,0.310546421152,3.47532867466e-05,53500,55500,9.63249721787,324.241558879,copernicus_a2_land_core,gmrt_shore_blend,nan,nan
east_0108,west_0112,0.313448724153,0.000139653874967,54000,56000,10.2487627299,283.190183237,gmrt_shore_blend,gmrt_shore_blend,nan,3.16193121734
east_0109,west_0113,0.316351027155,0.000244554463187,54500,56500,23.4157485802,266.894035145,gmrt_shore_blend,gmrt_shore_blend,nan,nan
east_0110,west_0114,0.319253330156,0.000349455051407,55000,57000,10.9999004654,180.585179516,copernicus_a2_land_core,gmrt_shore_blend,nan,nan
east_0111,west_0115,0.322155633158,0.000454355639627,55500,57500,14.4159680702,274.768905342,copernicus_a2_land_core,gmrt_shore_blend,nan,nan
east_0112,west_0116,0.325057936159,0.000559256227847,56000,58000,19.4791946623,616.032030373,copernicus_a2_land_core,gmrt_shore_blend,nan,nan
east_0113,west_0117,0.327960239161,0.000664156816067,56500,58500,41.9578920124,474.991979522,copernicus_a2_land_core,gmrt_shore_blend,nan,nan
east_0114,west_0118,0.330862542162,0.000769057404287,57000,59000,12.5628389249,136.479933937,copernicus_a2_land_core,gmrt_core,nan,nan
east_0115,west_0119,0.333764845163,0.000873957992507,57500,59500,19.404311458,199.691393805,copernicus_a2_land_core,gmrt_core,13.1725895713,5.19063385084
east_0116,west_0120,0.336667148165,0.000978858580727,58000,60000,17.4110002387,237.818249837,copernicus_a2_land_core,gmrt_shore_blend,16.1323966592,nan
east_0117,west_0121,0.339569451166,0.00108375916895,58500,60500,19.5120969864,236.976550464,copernicus_a2_land_core,gmrt_shore_blend,nan,nan
east_0118,west_0122,0.342471754168,0.00118865975717,59000,61000,37.0300362748,151.936466604,copernicus_a2_land_core,gmrt_shore_blend,nan,nan
east_0119,west_0123,0.345374057169,0.00129356034539,59500,61500,25.5792193811,199.969122708,copernicus_a2_land_core,gmrt_shore_blend,nan,nan
east_0120,west_0124,0.34827636017,0.00139846093361,60000,62000,27.4294002072,214.541364707,copernicus_a2_land_core,gmrt_shore_blend,12.1364013141,nan
east_0121,west_0126,0.351178663172,0.00129404089137,60500,63000,19.6721058776,529.772097369,copernicus_a2_land_core,gmrt_shore_blend,nan,nan
east_0122,west_0127,0.354080966173,0.00118914030315,61000,63500,19.9584689057,808.488904801,gmrt_shore_blend,gmrt_shore_blend,nan,nan
east_0123,west_0128,0.356983269175,0.00108423971493,61500,64000,24.7197999076,862.71368687,copernicus_a2_land_core,gmrt_shore_blend,nan,nan
east_0124,west_0129,0.359885572176,0.000979339126712,62000,64500,35.8443410526,687.403740676,gmrt_shore_blend,gmrt_shore_blend,nan,nan
east_0125,west_0130,0.362787875178,0.000874438538492,62500,65000,19.293825159,136.49416703,copernicus_a2_land_core,gmrt_core,nan,nan
east_0126,west_0131,0.365690178179,0.000769537950272,63000,65500,46.976671228,193.865670217,gmrt_shore_blend,gmrt_shore_blend,17.4530394263,nan
east_0127,west_0132,0.36859248118,0.000664637362052,63500,66000,10.9806490799,293.083759996,copernicus_a2_land_core,gmrt_shore_blend,15.2509465537,nan
east_0128,west_0133,0.371494784182,0.000559736773832,64000,66500,16.7324811323,219.131741838,copernicus_a2_land_core,gmrt_shore_blend,13.5025655281,3.1169101818
east_0129,west_0134,0.374397087183,0.000454836185612,64500,67000,9.71815878361,306.561800646,gmrt_shore_blend,gmrt_shore_blend,26.1491157125,nan
east_0130,west_0135,0.377299390185,0.000349935597392,65000,67500,35.0448545902,384.049867699,copernicus_a2_land_core,gmrt_shore_blend,nan,3.73802382684
east_0131,west_0136,0.380201693186,0.000245035009172,65500,68000,18.6584309546,146.190089329,gmrt_shore_blend,gmrt_shore_blend,nan,nan
east_0132,west_0137,0.383103996187,0.000140134420952,66000,68500,12.7630027956,138.461554656,gmrt_shore_blend,gmrt_shore_blend,nan,3.84707872211
east_0133,west_0138,0.386006299189,3.52338327317e-05,66500,69000,5.29620765927,213.569466862,copernicus_a2_land_core,gmrt_shore_blend,nan,nan
east_0134,west_0139,0.38890860219,6.96667554884e-05,67000,69500,9.26820653233,164.891990485,gmrt_shore_blend,gmrt_shore_blend,nan,nan
east_0135,west_0140,0.391810905192,0.000174567343708,67500,70000,13.2706242958,173.261795781,gmrt_shore_blend,gmrt_shore_blend,nan,nan
east_0136,west_0141,0.394713208193,0.000279467931929,68000,70500,16.7872950084,176.407108631,gmrt_shore_blend,gmrt_shore_blend,nan,nan
east_0137,west_0142,0.397615511195,0.000384368520149,68500,71000,22.1633542452,123.201778531,copernicus_a2_land_core,gmrt_shore_blend,nan,nan
east_0138,west_0143,0.400517814196,0.000489269108369,69000,71500,38.4440168324,83.2197052705,gmrt_shore_blend,gmrt_shore_blend,nan,nan
east_0139,west_0144,0.403420117197,0.000594169696589,69500,72000,14.6771770242,67.3947389436,gmrt_shore_blend,gmrt_shore_blend,nan,nan
east_0140,west_0145,0.406322420199,0.000699070284809,70000,72500,17.6196187724,69.5864606874,gmrt_shore_blend,gmrt_shore_blend,nan,nan
east_0141,west_0146,0.4092247232,0.000803970873029,70500,73000,18.8736588714,63.4509003487,gmrt_shore_blend,gmrt_shore_blend,nan,nan
east_0142,west_0147,0.412127026202,0.000908871461249,71000,73500,17.023885365,81.9751384288,gmrt_shore_blend,gmrt_shore_blend,nan,nan
east_0143,west_0148,0.415029329203,0.00101377204947,71500,74000,14.6689476543,108.57920466,gmrt_shore_blend,gmrt_shore_blend,nan,nan
east_0144,west_0149,0.417931632205,0.00111867263769,72000,74500,8.82169788702,110.649843813,gmrt_shore_blend,gmrt_shore_blend,nan,nan
east_0145,west_0150,0.420833935206,0.00122357322591,72500,75000,8.54437539131,127.702206036,copernicus_a2_land_core,gmrt_shore_blend,nan,nan
east_0146,west_0151,0.423736238207,0.00132847381413,73000,75500,3.69365563777,165.419826838,gmrt_shore_blend,gmrt_shore_blend,nan,6.73983792113
east_0147,west_0153,0.426638541209,0.00136402801085,73500,76500,7.45389010441,71.4769586775,gmrt_shore_blend,gmrt_shore_blend,nan,nan
east_0148,west_0154,0.42954084421,0.00125912742263,74000,77000,8.51070645406,83.8940295087,copernicus_a2_land_core,gmrt_shore_blend,nan,nan
east_0149,west_0155,0.432443147212,0.00115422683441,74500,77500,44.983627593,151.52901719,ribot_gmrt_shore_blend,gmrt_shore_blend,nan,3.15148075747
east_0150,west_0156,0.435345450213,0.00104932624619,75000,78000,9.12767559276,165.023378729,gmrt_shore_blend,gmrt_shore_blend,nan,nan
east_0151,west_0157,0.438247753214,0.000944425657971,75500,78500,34.4023911699,141.819655457,copernicus_a2_land_core,gmrt_shore_blend,nan,nan
east_0152,west_0158,0.441150056216,0.000839525069751,76000,79000,10.145944725,135.737532529,gmrt_shore_blend,gmrt_shore_blend,nan,nan
east_0153,west_0159,0.444052359217,0.000734624481531,76500,79500,11.510089346,117.985858552,gmrt_shore_blend,gmrt_shore_blend,nan,nan
east_0154,west_0160,0.446954662219,0.00062972389331,77000,80000,7.80638723036,107.204991172,gmrt_shore_blend,gmrt_shore_blend,nan,nan
east_0155,west_0161,0.44985696522,0.00052482330509,77500,80500,16.0746395321,108.166080203,gmrt_shore_blend,gmrt_shore_blend,nan,nan
east_0156,west_0162,0.452759268222,0.00041992271687,78000,81000,0.456675075487,107.880863641,gmrt_shore_blend,gmrt_shore_blend,nan,nan
east_0157,west_0163,0.455661571223,0.00031502212865,78500,81500,11.4916949893,171.782131503,gmrt_shore_blend,gmrt_shore_blend,nan,3.71416763452
east_0158,west_0164,0.458563874224,0.00021012154043,79000,82000,9.26209860295,239.249196593,gmrt_shore_blend,gmrt_shore_blend,nan,nan
east_0159,west_0165,0.461466177226,0.00010522095221,79500,82500,4.62706750458,210.615804169,gmrt_shore_blend,gmrt_shore_blend,nan,6.11913434055
east_0160,west_0166,0.464368480227,3.20363990003e-07,80000,83000,4.29148944029,218.351608648,gmrt_shore_blend,gmrt_shore_blend,nan,nan
east_0161,west_0167,0.467270783229,0.00010458022423,80500,83500,7.40994691679,352.221897928,copernicus_a2_land_core,gmrt_shore_blend,nan,nan
east_0162,west_0168,0.47017308623,0.00020948081245,81000,84000,11.4033292124,619.979586578,gmrt_shore_blend,gmrt_shore_blend,nan,nan
east_0163,west_0169,0.473075389232,0.00031438140067,81500,84500,20.9935443371,756.264587757,gmrt_shore_blend,gmrt_shore_blend,nan,nan
east_0164,west_0170,0.475977692233,0.00041928198889,82000,85000,15.2142798885,761.064898054,copernicus_a2_land_core,gmrt_shore_blend,22.1504669592,nan
east_0165,west_0171,0.478879995234,0.00052418257711,82500,85500,15.5319002617,404.887070773,copernicus_a2_land_core,gmrt_shore_blend,nan,nan
east_0166,west_0172,0.481782298236,0.00062908316533,83000,86000,30.9922995187,201.928789362,copernicus_a2_land_core,gmrt_shore_blend,nan,nan
east_0167,west_0173,0.484684601237,0.00073398375355,83500,86500,74.3022237839,177.782210257,gmrt_shore_blend,gmrt_shore_blend,17.10610419,nan
east_0168,west_0174,0.487586904239,0.000838884341771,84000,87000,31.6504236016,354.633153562,gmrt_shore_blend,gmrt_shore_blend,nan,3.85611214084
east_0169,west_0175,0.49048920724,0.000943784929991,84500,87500,39.8540695054,177.973930186,gmrt_shore_blend,gmrt_shore_blend,nan,nan
east_0170,west_0176,0.493391510241,0.00104868551821,85000,88000,145.940700215,122.848412522,gmrt_shore_blend,gmrt_shore_blend,nan,nan
east_0171,west_0177,0.496293813243,0.00115358610643,85500,88500,39.8594796543,117.403093262,gmrt_shore_blend,gmrt_shore_blend,nan,nan
east_0172,west_0178,0.499196116244,0.00125848669465,86000,89000,113.247762318,123.06987249,copernicus_a2_land_core,gmrt_shore_blend,nan,nan
east_0173,west_0179,0.502098419246,0.00136338728287,86500,89500,22.577131787,158.584967366,gmrt_shore_blend,gmrt_shore_blend,nan,nan
east_0174,west_0181,0.505000722247,0.00132911454211,87000,90500,28.1527810412,131.462715407,gmrt_shore_blend,gmrt_shore_blend,nan,nan
east_0175,west_0182,0.507903025249,0.00122421395389,87500,91000,38.1744603333,138.504907053,gmrt_shore_blend,gmrt_shore_blend,nan,nan
east_0176,west_0183,0.51080532825,0.00111931336567,88000,91500,67.4750345413,208.355620496,gmrt_shore_blend,gmrt_shore_blend,nan,nan
east_0177,west_0184,0.513707631251,0.00101441277745,88500,92000,69.1036053276,107.118890191,copernicus_a2_land_core,gmrt_shore_blend,nan,nan
east_0178,west_0185,0.516609934253,0.000909512189229,89000,92500,210.6829439,123.196415149,gmrt_shore_blend,gmrt_shore_blend,nan,nan
east_0179,west_0186,0.519512237254,0.000804611601009,89500,93000,175.172573119,102.439160629,copernicus_a2_land_core,gmrt_shore_blend,nan,nan
east_0180,west_0187,0.522414540256,0.000699711012789,90000,93500,128.829645642,127.389631658,copernicus_a2_land_core,gmrt_shore_blend,nan,nan
east_0181,west_0188,0.525316843257,0.000594810424569,90500,94000,33.8919050062,141.936297868,gmrt_shore_blend,gmrt_shore_blend,nan,nan
east_0182,west_0189,0.528219146259,0.000489909836349,91000,94500,85.5653427961,142.739115576,gmrt_shore_blend,gmrt_shore_blend,nan,nan
east_0183,west_0190,0.53112144926,0.000385009248129,91500,95000,491.312459297,138.641765362,gmrt_shore_blend,gmrt_shore_blend,nan,nan
east_0184,west_0191,0.534023752261,0.000280108659909,92000,95500,645.782449462,149.802184319,gmrt_shore_blend,gmrt_shore_blend,nan,nan
east_0185,west_0192,0.536926055263,0.000175208071688,92500,96000,714.517601725,369.917273535,gmrt_shore_blend,gmrt_shore_blend,nan,3.76574160072
east_0186,west_0193,0.539828358264,7.03074834685e-05,93000,96500,787.333845828,157.550625964,gmrt_shore_blend,gmrt_shore_blend,nan,nan
east_0187,west_0194,0.542730661266,3.45931047517e-05,93500,97000,655.540131103,104.211510252,gmrt_shore_blend,gmrt_shore_blend,nan,nan
east_0188,west_0195,0.545632964267,0.000139493692972,94000,97500,525.696895279,119.431724856,gmrt_shore_blend,gmrt_shore_blend,nan,nan
east_0189,west_0196,0.548535267268,0.000244394281192,94500,98000,509.130601326,138.180606362,gmrt_shore_blend,gmrt_shore_blend,nan,nan
east_0190,west_0197,0.55143757027,0.000349294869412,95000,98500,479.80248246,138.880151283,gmrt_shore_blend,gmrt_shore_blend,nan,nan
east_0191,west_0198,0.554339873271,0.000454195457632,95500,99000,363.488500023,153.265545716,gmrt_shore_blend,gmrt_shore_blend,nan,nan
east_0192,west_0199,0.557242176273,0.000559096045852,96000,99500,488.960725424,196.879512954,gmrt_shore_blend,gmrt_shore_blend,nan,nan
east_0193,west_0200,0.560144479274,0.000663996634072,96500,100000,543.910792539,328.167670853,gmrt_shore_blend,gmrt_shore_blend,nan,nan
east_0194,west_0201,0.563046782276,0.000768897222292,97000,100500,378.207182339,414.092710772,gmrt_shore_blend,gmrt_shore_blend,nan,nan
east_0195,west_0202,0.565949085277,0.000873797810512,97500,101000,321.674984649,235.346878057,gmrt_shore_blend,gmrt_shore_blend,nan,nan
east_0196,west_0203,0.568851388278,0.000978698398732,98000,101500,176.425388066,241.90932654,gmrt_shore_blend,gmrt_shore_blend,nan,nan
east_0197,west_0204,0.57175369128,0.00108359898695,98500,102000,143.73703182,416.641588936,gmrt_shore_blend,gmrt_shore_blend,nan,nan
east_0198,west_0205,0.574655994281,0.00118849957517,99000,102500,76.0908255566,328.565037304,gmrt_shore_blend,gmrt_shore_blend,nan,nan
east_0199,west_0206,0.577558297283,0.00129340016339,99500,103000,81.181236581,331.521252347,gmrt_shore_blend,gmrt_shore_blend,nan,nan
east_0200,west_0207,0.580460600284,0.00139830075161,100000,103500,59.0091239215,361.580148249,gmrt_shore_blend,copernicus_a2_land_core,nan,nan
east_0201,west_0209,0.583362903285,0.00129420107337,100500,104500,68.0494714788,177.885085596,gmrt_shore_blend,gmrt_shore_blend,nan,nan
east_0202,west_0210,0.586265206287,0.00118930048515,101000,105000,134.42762956,48.4654125064,gmrt_shore_blend,copernicus_a2_land_core,nan,nan
east_0203,west_0211,0.589167509288,0.00108439989693,101500,105500,143.814573777,34.2294014276,copernicus_a2_land_core,copernicus_a2_land_core,nan,10.068411359
east_0204,west_0212,0.59206981229,0.000979499308707,102000,106000,169.389919052,78.4252451457,gmrt_shore_blend,copernicus_a2_land_core,nan,7.74823765858
east_0205,west_0213,0.594972115291,0.000874598720487,102500,106500,110.82536537,250.565661575,gmrt_shore_blend,gmrt_shore_blend,nan,6.30055350148
east_0206,west_0214,0.597874418293,0.000769698132267,103000,107000,154.208596173,116.993290239,gmrt_shore_blend,gmrt_shore_blend,nan,5.86966685347
east_0207,west_0215,0.600776721294,0.000664797544047,103500,107500,183.208931032,136.72464335,gmrt_shore_blend,gmrt_shore_blend,nan,nan
east_0208,west_0216,0.603679024295,0.000559896955827,104000,108000,124.90909957,120.753276727,gmrt_shore_blend,gmrt_shore_blend,nan,nan
east_0209,west_0217,0.606581327297,0.000454996367607,104500,108500,245.168906754,233.107432776,gmrt_shore_blend,copernicus_a2_land_core,nan,nan
east_0210,west_0218,0.609483630298,0.000350095779387,105000,109000,263.979741066,317.686441277,gmrt_shore_blend,gmrt_shore_blend,nan,nan
east_0211,west_0219,0.6123859333,0.000245195191167,105500,109500,224.639402313,302.105762391,copernicus_a2_land_core,gmrt_shore_blend,nan,nan
east_0212,west_0220,0.615288236301,0.000140294602947,106000,110000,228.913414672,296.250710207,copernicus_a2_land_core,gmrt_shore_blend,nan,nan
east_0213,west_0221,0.618190539303,3.53940147267e-05,106500,110500,707.160757168,567.784585197,gmrt_shore_blend,gmrt_shore_blend,nan,nan
east_0214,west_0222,0.621092842304,6.95065734932e-05,107000,111000,667.362729153,746.255493639,gmrt_shore_blend,gmrt_shore_blend,nan,nan
east_0215,west_0223,0.623995145305,0.000174407161713,107500,111500,417.447665818,760.766943086,gmrt_shore_blend,gmrt_shore_blend,nan,nan
east_0216,west_0224,0.626897448307,0.000279307749933,108000,112000,184.192933579,677.302917599,copernicus_a2_land_core,gmrt_shore_blend,nan,nan
east_0217,west_0225,0.629799751308,0.000384208338154,108500,112500,29.4671682962,578.020977868,copernicus_a2_land_core,gmrt_shore_blend,nan,nan
east_0218,west_0226,0.63270205431,0.000489108926374,109000,113000,31.0892527396,1057.19042271,copernicus_a2_land_core,gmrt_shore_blend,nan,nan
east_0219,west_0227,0.635604357311,0.000594009514594,109500,113500,49.1154230509,1325.46695131,copernicus_a2_land_core,gmrt_shore_blend,nan,nan
east_0220,west_0228,0.638506660312,0.000698910102814,110000,114000,47.0070592406,1136.73582339,gmrt_shore_blend,gmrt_shore_blend,nan,nan
east_0221,west_0229,0.641408963314,0.000803810691034,110500,114500,218.851244368,992.411333819,gmrt_shore_blend,gmrt_shore_blend,nan,nan
east_0222,west_0230,0.644311266315,0.000908711279254,111000,115000,224.01030744,727.642931464,copernicus_a2_land_core,gmrt_shore_blend,nan,nan
east_0223,west_0231,0.647213569317,0.00101361186747,111500,115500,129.396113101,194.796966617,gmrt_shore_blend,gmrt_shore_blend,nan,nan
east_0224,west_0232,0.650115872318,0.00111851245569,112000,116000,188.997242295,456.722552236,gmrt_shore_blend,gmrt_shore_blend,nan,nan
east_0225,west_0233,0.65301817532,0.00122341304391,112500,116500,172.794545223,329.554439961,copernicus_a2_land_core,gmrt_shore_blend,nan,nan
east_0226,west_0234,0.655920478321,0.00132831363213,113000,117000,93.0971455403,526.930296628,gmrt_shore_blend,gmrt_shore_blend,nan,nan
east_0227,west_0236,0.658822781322,0.00136418819285,113500,118000,59.4509768355,465.923847392,gmrt_shore_blend,gmrt_shore_blend,nan,nan
east_0228,west_0237,0.661725084324,0.00125928760463,114000,118500,124.671540444,348.522688688,copernicus_a2_land_core,gmrt_shore_blend,nan,nan
east_0229,west_0238,0.664627387325,0.00115438701641,114500,119000,49.0725213915,nan,gmrt_shore_blend,gmrt_shore_blend,nan,nan
east_0230,west_0239,0.667529690327,0.00104948642819,115000,119500,47.5949751281,107.666515946,copernicus_a2_land_core,gmrt_core,nan,nan
east_0231,west_0240,0.670431993328,0.000944585839966,115500,120000,39.1075195098,174.812749263,copernicus_a2_land_core,gmrt_shore_blend,nan,nan
east_0232,west_0241,0.67333429633,0.000839685251746,116000,120500,30.3853084106,56.4072551657,copernicus_a2_land_core,copernicus_a2_land_core,nan,nan
east_0233,west_0242,0.676236599331,0.000734784663526,116500,121000,68.39844115,53.5295614914,gmrt_shore_blend,copernicus_a2_land_core,nan,nan
east_0234,west_0243,0.679138902332,0.000629884075306,117000,121500,194.711710656,95.3441181349,copernicus_a2_land_core,gmrt_shore_blend,nan,nan
east_0235,west_0244,0.682041205334,0.000524983487085,117500,122000,213.140838569,343.780025368,gmrt_shore_blend,gmrt_shore_blend,nan,nan
east_0236,west_0245,0.684943508335,0.000420082898865,118000,122500,177.513689529,166.637438808,gmrt_shore_blend,gmrt_shore_blend,nan,nan
east_0237,west_0246,0.687845811337,0.000315182310645,118500,123000,235.74228258,134.605750031,gmrt_shore_blend,gmrt_shore_blend,nan,nan
east_0238,west_0247,0.690748114338,0.000210281722425,119000,123500,226.114423948,108.346673005,copernicus_a2_land_core,gmrt_shore_blend,nan,nan
east_0239,west_0248,0.693650417339,0.000105381134205,119500,124000,54.394116942,154.664346048,copernicus_a2_land_core,gmrt_shore_blend,nan,nan
east_0240,west_0249,0.696552720341,4.80545985004e-07,120000,124500,50.1367102872,197.428784038,gmrt_shore_blend,gmrt_shore_blend,nan,nan
east_0241,west_0250,0.699455023342,0.000104420042235,120500,125000,33.4244406774,196.625488568,copernicus_a2_land_core,gmrt_shore_blend,nan,nan
east_0242,west_0251,0.702357326344,0.000209320630455,121000,125500,127.844215765,210.521790855,gmrt_shore_blend,gmrt_shore_blend,nan,nan
east_0243,west_0252,0.705259629345,0.000314221218675,121500,126000,227.506511461,241.889039989,copernicus_a2_land_core,gmrt_shore_blend,nan,nan
east_0244,west_0253,0.708161932347,0.000419121806895,122000,126500,218.68401865,204.910920094,gmrt_shore_blend,gmrt_shore_blend,nan,nan
east_0245,west_0254,0.711064235348,0.000524022395115,122500,127000,169.52672199,229.463736423,gmrt_shore_blend,gmrt_shore_blend,nan,nan
east_0246,west_0255,0.713966538349,0.000628922983335,123000,127500,187.498853176,257.40476568,copernicus_a2_land_core,gmrt_shore_blend,nan,nan
east_0247,west_0256,0.716868841351,0.000733823571555,123500,128000,87.7413119801,400.85591327,copernicus_a2_land_core,gmrt_shore_blend,nan,nan
east_0248,west_0257,0.719771144352,0.000838724159775,124000,128500,29.8790379869,448.515154609,copernicus_a2_land_core,gmrt_shore_blend,nan,nan
east_0249,west_0258,0.722673447354,0.000943624747996,124500,129000,37.1888394408,411.219794446,copernicus_a2_land_core,gmrt_shore_blend,nan,nan
east_0250,west_0259,0.725575750355,0.00104852533622,125000,129500,29.4489204322,661.393494906,copernicus_a2_land_core,gmrt_shore_blend,nan,nan
east_0251,west_0260,0.728478053357,0.00115342592444,125500,130000,22.9810347174,463.278246539,copernicus_a2_land_core,gmrt_shore_blend,nan,nan
east_0252,west_0261,0.731380356358,0.00125832651266,126000,130500,27.8755776379,333.144316352,gmrt_shore_blend,gmrt_shore_blend,nan,nan
east_0253,west_0262,0.734282659359,0.00136322710088,126500,131000,40.1722507518,236.30852247,gmrt_shore_blend,gmrt_shore_blend,nan,nan
east_0254,west_0264,0.737184962361,0.0013292747241,127000,132000,65.2871957874,158.426306797,gmrt_shore_blend,gmrt_shore_blend,nan,nan
east_0255,west_0265,0.740087265362,0.00122437413588,127500,132500,104.60868962,149.688756716,gmrt_shore_blend,gmrt_shore_blend,nan,nan
east_0256,west_0266,0.742989568364,0.00111947354766,128000,133000,22.3946167099,327.406603652,gmrt_shore_blend,gmrt_core,nan,nan
east_0257,west_0267,0.745891871365,0.00101457295944,128500,133500,61.4617298234,nan,gmrt_shore_blend,gmrt_shore_blend,nan,nan
east_0258,west_0268,0.748794174366,0.000909672371224,129000,134000,17.4417218232,677.712574328,copernicus_a2_land_core,gmrt_shore_blend,nan,nan
east_0259,west_0269,0.751696477368,0.000804771783004,129500,134500,65.3394526437,637.649945306,gmrt_shore_blend,gmrt_shore_blend,nan,nan
east_0260,west_0270,0.754598780369,0.000699871194784,130000,135000,21.6653812991,201.265618026,copernicus_a2_land_core,gmrt_shore_blend,nan,nan
east_0261,west_0271,0.757501083371,0.000594970606564,130500,135500,38.6748811201,226.535362808,copernicus_a2_land_core,gmrt_shore_blend,nan,nan
east_0262,west_0272,0.760403386372,0.000490070018344,131000,136000,122.197657633,236.475526514,copernicus_a2_land_core,gmrt_shore_blend,nan,nan
east_0263,west_0273,0.763305689374,0.000385169430124,131500,136500,59.7758113437,208.84413476,copernicus_a2_land_core,gmrt_shore_blend,nan,nan
east_0264,west_0274,0.766207992375,0.000280268841904,132000,137000,51.9205978374,180.238355282,copernicus_a2_land_core,gmrt_shore_blend,nan,nan
east_0265,west_0275,0.769110295376,0.000175368253683,132500,137500,158.547029253,232.772857364,gmrt_shore_blend,gmrt_shore_blend,nan,nan
east_0266,west_0276,0.772012598378,7.04676654635e-05,133000,138000,310.102349135,552.545368182,gmrt_shore_blend,gmrt_shore_blend,nan,nan
east_0267,west_0277,0.774914901379,3.44329227566e-05,133500,138500,467.372652977,289.624764025,copernicus_a2_land_core,gmrt_shore_blend,nan,nan
east_0268,west_0278,0.777817204381,0.000139333510977,134000,139000,36.0774849089,276.164581218,copernicus_a2_land_core,gmrt_shore_blend,nan,nan
east_0269,west_0279,0.780719507382,0.000244234099197,134500,139500,43.0692042694,1519.22664047,copernicus_a2_land_core,gmrt_shore_blend,nan,nan
east_0270,west_0280,0.783621810384,0.000349134687417,135000,140000,49.0506198802,1960.75202829,copernicus_a2_land_core,gmrt_shore_blend,nan,nan
east_0271,west_0281,0.786524113385,0.000454035275637,135500,140500,122.920295463,nan,gmrt_shore_blend,gmrt_shore_blend,nan,nan
east_0272,west_0282,0.789426416386,0.000558935863857,136000,141000,119.696846772,nan,gmrt_shore_blend,gmrt_shore_blend,nan,nan
east_0273,west_0283,0.792328719388,0.000663836452077,136500,141500,42.4608030444,nan,copernicus_a2_land_core,gmrt_shore_blend,nan,nan
east_0274,west_0284,0.795231022389,0.000768737040297,137000,142000,68.5474881526,nan,copernicus_a2_land_core,copernicus_a2_land_core,nan,nan
east_0275,west_0285,0.798133325391,0.000873637628517,137500,142500,52.9368916419,nan,copernicus_a2_land_core,gmrt_shore_blend,nan,nan
east_0276,west_0286,0.801035628392,0.000978538216737,138000,143000,85.2488025743,nan,gmrt_shore_blend,gmrt_shore_blend,nan,nan
east_0277,west_0287,0.803937931393,0.00108343880496,138500,143500,78.1218599512,nan,gmrt_shore_blend,gmrt_shore_blend,nan,nan
east_0278,west_0288,0.806840234395,0.00118833939318,139000,144000,233.020799157,nan,gmrt_shore_blend,gmrt_shore_blend,nan,nan
east_0279,west_0289,0.809742537396,0.0012932399814,139500,144500,231.284336324,1469.40355312,gmrt_shore_blend,gmrt_shore_blend,nan,nan
east_0280,west_0290,0.812644840398,0.00139814056962,140000,145000,157.030999867,1065.11594704,copernicus_a2_land_core,gmrt_shore_blend,nan,nan
east_0281,west_0292,0.815547143399,0.00129436125536,140500,146000,66.0853345613,838.811438664,copernicus_a2_land_core,gmrt_shore_blend,nan,nan
east_0282,west_0293,0.818449446401,0.00118946066714,141000,146500,181.799395565,909.661703127,copernicus_a2_land_core,gmrt_shore_blend,nan,nan
east_0283,west_0294,0.821351749402,0.00108456007892,141500,147000,68.1337490476,829.138762754,copernicus_a2_land_core,gmrt_shore_blend,nan,nan
east_0284,west_0295,0.824254052403,0.000979659490702,142000,147500,65.3797698158,493.72504107,copernicus_a2_land_core,gmrt_shore_blend,nan,nan
east_0285,west_0296,0.827156355405,0.000874758902482,142500,148000,70.2371038385,660.086862715,copernicus_a2_land_core,gmrt_shore_blend,nan,nan
east_0286,west_0297,0.830058658406,0.000769858314262,143000,148500,197.950238539,692.454674658,gmrt_shore_blend,gmrt_shore_blend,nan,nan
east_0287,west_0298,0.832960961408,0.000664957726042,143500,149000,74.7423293201,715.944058706,gmrt_shore_blend,gmrt_shore_blend,nan,nan
east_0288,west_0299,0.835863264409,0.000560057137822,144000,149500,48.8483960575,705.070640819,copernicus_a2_land_core,gmrt_shore_blend,nan,nan
east_0289,west_0300,0.83876556741,0.000455156549602,144500,150000,37.541767175,715.071186864,copernicus_a2_land_core,gmrt_shore_blend,nan,nan
east_0290,west_0301,0.841667870412,0.000350255961382,145000,150500,24.0403021034,648.360073118,copernicus_a2_land_core,gmrt_shore_blend,nan,nan
east_0291,west_0302,0.844570173413,0.000245355373162,145500,151000,24.6173941899,469.796160875,copernicus_a2_land_core,gmrt_shore_blend,nan,nan
east_0292,west_0303,0.847472476415,0.000140454784942,146000,151500,18.2729432555,379.632318509,copernicus_a2_land_core,gmrt_shore_blend,nan,nan
east_0293,west_0304,0.850374779416,3.55541967217e-05,146500,152000,14.3442796711,214.667421395,copernicus_a2_land_core,gmrt_shore_blend,nan,nan
east_0294,west_0305,0.853277082418,6.93463914982e-05,147000,152500,13.5202086069,171.08824922,copernicus_a2_land_core,gmrt_shore_blend,nan,nan
east_0295,west_0306,0.856179385419,0.000174246979718,147500,153000,34.2159710709,210.615196141,copernicus_a2_land_core,gmrt_shore_blend,nan,nan
east_0296,west_0307,0.85908168842,0.000279147567938,148000,153500,42.2794785276,315.052515775,copernicus_a2_land_core,gmrt_shore_blend,nan,nan
east_0297,west_0308,0.861983991422,0.000384048156158,148500,154000,304.13177803,597.77534376,gmrt_shore_blend,gmrt_shore_blend,nan,nan
east_0298,west_0309,0.864886294423,0.000488948744379,149000,154500,238.639496654,395.679604954,gmrt_shore_blend,gmrt_shore_blend,nan,nan
east_0299,west_0310,0.867788597425,0.000593849332599,149500,155000,100.180932001,209.601463703,copernicus_a2_land_core,gmrt_shore_blend,nan,nan
east_0300,west_0311,0.870690900426,0.000698749920819,150000,155500,30.9466963019,289.815611479,copernicus_a2_land_core,gmrt_shore_blend,nan,nan
east_0301,west_0312,0.873593203428,0.000803650509039,150500,156000,16.3957236785,429.19691195,copernicus_a2_land_core,gmrt_shore_blend,nan,nan
east_0302,west_0313,0.876495506429,0.000908551097259,151000,156500,35.6040170421,668.696456863,gmrt_shore_blend,gmrt_shore_blend,nan,nan
east_0303,west_0314,0.87939780943,0.00101345168548,151500,157000,8.41341932801,758.485641415,copernicus_a2_land_core,gmrt_shore_blend,nan,nan
east_0304,west_0315,0.882300112432,0.0011183522737,152000,157500,27.1898594689,591.706818385,gmrt_shore_blend,gmrt_shore_blend,nan,nan
east_0305,west_0316,0.885202415433,0.00122325286192,152500,158000,22.1954085542,417.449664704,gmrt_shore_blend,gmrt_shore_blend,nan,nan
east_0306,west_0317,0.888104718435,0.00132815345014,153000,158500,20.200343003,176.385909261,copernicus_a2_land_core,gmrt_shore_blend,nan,nan
east_0307,west_0319,0.891007021436,0.00136434837484,153500,159500,24.6594865818,287.200878799,copernicus_a2_land_core,gmrt_shore_blend,nan,nan
east_0308,west_0320,0.893909324437,0.00125944778662,154000,160000,40.1710820681,485.625129425,gmrt_shore_blend,gmrt_shore_blend,nan,nan
east_0309,west_0321,0.896811627439,0.0011545471984,154500,160500,29.7507803844,1575.44263694,gmrt_shore_blend,gmrt_shore_blend,nan,nan
east_0310,west_0322,0.89971393044,0.00104964661018,155000,161000,41.7859819853,1303.65275972,copernicus_a2_land_core,gmrt_shore_blend,nan,nan
east_0311,west_0323,0.902616233442,0.000944746021961,155500,161500,103.239482341,nan,gmrt_shore_blend,gmrt_shore_blend,nan,nan
east_0312,west_0324,0.905518536443,0.000839845433741,156000,162000,26.6296811419,1651.19911233,copernicus_a2_land_core,gmrt_core,nan,nan
east_0313,west_0325,0.908420839445,0.000734944845521,156500,162500,119.148553921,480.142081156,copernicus_a2_land_core,gmrt_core,nan,nan
east_0314,west_0326,0.911323142446,0.000630044257301,157000,163000,190.174572668,261.310228424,gmrt_shore_blend,gmrt_core,nan,nan
east_0315,west_0327,0.914225445447,0.000525143669081,157500,163500,239.326438381,217.073167415,gmrt_shore_blend,gmrt_core,nan,nan
east_0316,west_0328,0.917127748449,0.00042024308086,158000,164000,26.0027364774,137.851102056,copernicus_a2_land_core,gmrt_core,nan,nan
east_0317,west_0329,0.92003005145,0.00031534249264,158500,164500,110.499418783,127.57152752,gmrt_shore_blend,gmrt_core,nan,nan
east_0318,west_0330,0.922932354452,0.00021044190442,159000,165000,112.779483633,230.260317897,gmrt_shore_blend,gmrt_core,nan,nan
east_0319,west_0331,0.925834657453,0.0001055413162,159500,165500,89.3348082227,469.869604413,gmrt_shore_blend,gmrt_core,nan,nan
east_0320,west_0332,0.928736960455,6.40727980006e-07,160000,166000,139.468052036,1441.78032466,gmrt_shore_blend,gmrt_core,nan,nan
east_0321,west_0333,0.931639263456,0.00010425986024,160500,166500,130.16820654,1417.85655704,gmrt_shore_blend,gmrt_shore_blend,nan,nan
east_0322,west_0334,0.934541566457,0.00020916044846,161000,167000,107.902837485,1628.20853251,gmrt_shore_blend,gmrt_shore_blend,nan,nan
east_0323,west_0335,0.937443869459,0.00031406103668,161500,167500,100.060427643,nan,gmrt_shore_blend,gmrt_shore_blend,nan,nan
east_0324,west_0336,0.94034617246,0.0004189616249,162000,168000,88.8944765136,633.694344458,copernicus_a2_land_core,gmrt_shore_blend,nan,nan
east_0325,west_0337,0.943248475462,0.00052386221312,162500,168500,40.653867253,350.861236842,gmrt_shore_blend,gmrt_shore_blend,nan,nan
east_0326,west_0338,0.946150778463,0.00062876280134,163000,169000,135.993368548,257.62809145,copernicus_a2_land_core,gmrt_shore_blend,nan,nan
east_0327,west_0339,0.949053081464,0.00073366338956,163500,169500,160.263823666,258.952662141,gmrt_shore_blend,gmrt_shore_blend,nan,nan
east_0328,west_0340,0.951955384466,0.00083856397778,164000,170000,150.501140109,453.351012733,gmrt_shore_blend,gmrt_shore_blend,nan,nan
east_0329,west_0341,0.954857687467,0.000943464566001,164500,170500,126.083450241,576.473547825,gmrt_shore_blend,gmrt_shore_blend,nan,nan
east_0330,west_0342,0.957759990469,0.00104836515422,165000,171000,142.207275011,923.225703494,gmrt_shore_blend,gmrt_shore_blend,nan,nan
east_0331,west_0343,0.96066229347,0.00115326574244,165500,171500,136.434916002,1121.47984667,copernicus_a2_land_core,gmrt_shore_blend,nan,nan
east_0332,west_0344,0.963564596472,0.00125816633066,166000,172000,148.566646235,845.400984924,gmrt_shore_blend,gmrt_shore_blend,nan,nan
east_0333,west_0345,0.966466899473,0.00136306691888,166500,172500,162.42314145,756.824091952,gmrt_shore_blend,gmrt_shore_blend,nan,nan
east_0334,west_0347,0.969369202474,0.0013294349061,167000,173500,145.211518739,712.277533075,copernicus_a2_land_core,gmrt_shore_blend,nan,nan
east_0335,west_0348,0.972271505476,0.00122453431788,167500,174000,73.6571743964,401.494030462,copernicus_a2_land_core,gmrt_shore_blend,nan,nan
east_0336,west_0349,0.975173808477,0.00111963372966,168000,174500,20.5921829725,417.589435763,copernicus_a2_land_core,gmrt_shore_blend,nan,nan
east_0337,west_0350,0.978076111479,0.00101473314144,168500,175000,35.2844451843,397.758333753,gmrt_shore_blend,gmrt_shore_blend,nan,nan
east_0338,west_0351,0.98097841448,0.000909832553219,169000,175500,82.024408287,284.051017073,gmrt_shore_blend,gmrt_shore_blend,nan,nan
east_0339,west_0352,0.983880717482,0.000804931964999,169500,176000,18.108877426,285.371385831,copernicus_a2_land_core,gmrt_shore_blend,nan,nan
east_0340,west_0353,0.986783020483,0.000700031376779,170000,176500,15.8094573243,604.100650466,copernicus_a2_land_core,gmrt_shore_blend,nan,nan
east_0341,west_0354,0.989685323484,0.000595130788559,170500,177000,9.30848248458,512.590965644,copernicus_a2_land_core,gmrt_shore_blend,nan,nan
east_0342,west_0355,0.992587626486,0.000490230200339,171000,177500,15.8318352107,425.082212655,copernicus_a2_land_core,gmrt_shore_blend,17.0704831199,nan
east_0343,west_0356,0.995489929487,0.000385329612119,171500,178000,15.079202293,404.978582806,copernicus_a2_land_core,gmrt_shore_blend,nan,nan
east_0344,west_0357,0.998392232489,0.000280429023899,172000,178500,19.3293367667,297.770366885,gmrt_shore_blend,gmrt_shore_blend,nan,nan
east_0345,west_0358,1,0,172276.981334,178737.244824,15.4342179512,261.74048451,copernicus_a2_land_core,gmrt_shore_blend,nan,nan
