case_id,requested_time_min_s,side,station_id,alongshore_distance_m,displayed_arrow_count,frame_presence_fraction,median_frame_local_max_speed_mps,median_frame_local_top3_mean_speed_mps,max_speed_mps,unique_hotspot_count,recurrent_hotspot_count,median_u_parallel,median_u_normal,median_alignment_to_isobath_deg,median_alignment_to_shoreline_tangent_deg,median_u_parallel_isobath,median_u_downslope,raw_source_id,raw_source_native_resolution_m,raw_source_multibeam,distance_to_raw_source_boundary_m
aqaba_lsa_c10_angm25,900,east,east_0072,36000,1,0.208333333333,23.6787296587,23.6787296587,23.6787296587,1,1,-7.24359813189,-22.5435694679,24.9493331472,72.1869835124,-21.4690579652,-9.98808231538,gmrt_shore_blend,54,unknown,30.9222222222
aqaba_lsa_c10_angm25,900,east,east_0070,35000,1,0.0416666666667,18.358914819,18.358914819,18.358914819,1,0,7.19019999598,16.8923289499,6.11696025289,66.943027766,18.2543873297,-1.95629664197,gmrt_shore_blend,54,unknown,61.8444444444
aqaba_lsa_c10_angm25,900,east,east_0071,35500,2,0.416666666667,16.8304720583,16.8304720583,17.5300820101,2,2,14.0766092724,-9.14511259701,16.7532865775,32.8376639972,15.9774223814,-4.89665744577,copernicus_a2_land_core,30,false,43.7306260454
aqaba_lsa_c10_angm25,900,east,east_0076,38000,1,0.0416666666667,17.4225222303,17.4225222303,17.4225222303,1,0,-16.3774353044,5.94339075911,8.17801740124,19.945894786,-17.2453505166,2.47833944907,gmrt_shore_blend,54,unknown,111.491657774
aqaba_lsa_c10_angm25,900,east,east_0069,34500,1,0.0416666666667,17.2282248025,17.2282248025,17.2282248025,1,0,-1.41622669377,-17.1699164762,33.408109638,85.2847446426,-14.3816041833,-9.48584160524,copernicus_a2_land_core,30,false,43.7306260454
aqaba_lsa_c10_angm25,900,east,east_0018,9000,1,0.125,17.1794423147,17.1794423147,17.1794423147,1,1,17.1259068635,1.3551945789,11.140507608,4.52445922337,16.8557181853,3.31933769009,gmrt_shore_blend,54,unknown,69.1441909042
aqaba_lsa_c10_angm25,900,east,east_0065,32500,1,0.0416666666667,16.4277310161,16.4277310161,16.4277310161,1,0,16.1492592012,-3.01193851023,26.7009007069,10.5646439672,14.675948827,-7.38152236092,gmrt_shore_blend,54,unknown,61.8444444444
aqaba_lsa_c10_angm25,900,east,east_0052,26000,1,0.166666666667,16.2498599584,16.2498599584,16.2498599584,1,1,-14.1874120813,7.92308570592,27.2178860478,29.1815608628,-14.4505720741,-7.43228870526,gmrt_shore_blend,54,unknown,30.9222222222
aqaba_lsa_c10_angm25,900,east,east_0034,17000,1,0.416666666667,16.2124860104,16.2124860104,16.2124860104,1,1,12.7418020364,-10.0245290914,27.8246785545,38.1936667515,14.3379985427,-7.56746327558,copernicus_a2_land_core,30,false,30.9222222222
aqaba_lsa_c10_angm25,900,west,west_0070,35000,3,0.208333333333,6.74116486755,6.88667985524,7.58303018648,3,1,-6.5427598439,1.42425926186,29.9163391098,13.9353364039,5.84293538401,-2.41861861266,gmrt_shore_blend,54,unknown,30.9222222222
aqaba_lsa_c10_angm25,900,west,west_0061,30500,1,0.0833333333333,7.25247065007,7.25247065007,7.25247065007,1,1,5.57457265783,-4.63923164036,30.167496247,39.7676661874,-6.27019620529,-3.64458091931,gmrt_shore_blend,54,unknown,154.611111111
aqaba_lsa_c10_angm25,900,west,west_0006,3000,1,0.0416666666667,7.13316457818,7.13316457818,7.13316457818,1,0,-6.32160827082,-3.30443728488,10.447690045,27.5970127985,7.01490295324,-1.29351206257,gmrt_shore_blend,54,unknown,264.19958248
aqaba_lsa_c10_angm25,900,west,west_0089,44500,1,0.0833333333333,6.85377274734,6.85377274734,6.85377274734,1,1,-1.55604478448,6.67479778726,73.8721524512,76.8774405745,1.90385188702,6.58403742884,gmrt_shore_blend,54,unknown,216.455555556
aqaba_lsa_c10_angm25,900,west,west_0083,41500,1,0.0416666666667,6.6907627327,6.6907627327,6.6907627327,1,0,6.65428423693,-0.697715729673,4.82608359378,5.98571163727,-6.66704171804,0.562903788634,gmrt_shore_blend,54,unknown,30.9222222222
aqaba_lsa_c10_angm25,900,west,west_0000,0,1,0.0416666666667,6.64947994929,6.64947994929,6.64947994929,1,0,4.10800503798,5.22875493821,26.7438599997,51.8448223775,5.93816627625,2.99228422304,gmrt_shore_blend,54,unknown,69.1441909042
aqaba_lsa_c10_angm25,900,west,west_0001,500,1,0.0416666666667,6.57806188418,6.57806188418,6.57806188418,1,0,-5.1271404119,-4.12108351636,6.14367335656,38.7915609062,6.54028181286,-0.703997131052,gmrt_shore_blend,54,unknown,304.548569582
aqaba_lsa_c10_angm25,900,west,west_0072,36000,1,0.0416666666667,6.43330411403,6.43330411403,6.43330411403,1,0,3.66350854768,5.28829905968,67.3566851449,55.2874303179,2.476778,5.93742137315,gmrt_shore_blend,54,unknown,197.998830586
aqaba_lsb_nc10_angm20,900,east,east_0058,29000,1,0.0833333333333,27.7789975221,27.7789975221,27.7789975221,1,1,-27.6496665338,-2.67743233373,12.7332179228,5.53094428431,-27.0958264554,-6.122817328,gmrt_shore_blend,54,unknown,61.8444444444
aqaba_lsb_nc10_angm20,900,east,east_0084,42000,1,0.0416666666667,18.4864156385,18.4864156385,18.4864156385,1,0,-18.2591577653,-2.88976138514,71.1376600221,8.99324978047,-5.97657488575,-17.4936593026,gmrt_shore_blend,54,unknown,43.7306260454
aqaba_lsb_nc10_angm20,900,east,east_0081,40500,1,0.0416666666667,18.4476041902,18.4476041902,18.4476041902,1,0,5.27320249193,-17.6778798457,47.7573608609,73.3904825237,-12.4018023246,-13.6568444181,copernicus_a2_land_core,30,false,43.7306260454
aqaba_lsb_nc10_angm20,900,east,east_0052,26000,2,0.541666666667,16.9050749379,16.9050749379,17.4609514572,2,2,-15.6456919866,6.03629054708,34.5628094829,20.8572376167,-13.8723854811,-9.4828067429,gmrt_shore_blend,54,unknown,30.9222222222
aqaba_lsb_nc10_angm20,900,east,east_0070,35000,1,0.0416666666667,17.0890655957,17.0890655957,17.0890655957,1,0,3.09716244402,-16.8060628265,83.9025936105,79.5582092611,1.81518449221,-16.992388537,gmrt_shore_blend,54,unknown,61.8444444444
aqaba_lsb_nc10_angm20,900,east,east_0083,41500,1,0.0416666666667,16.8576261061,16.8576261061,16.8576261061,1,0,14.5221894787,-8.56069919331,12.1672342308,30.5189645972,16.478946253,-3.55301116294,gmrt_shore_blend,54,unknown,61.8444444444
aqaba_lsb_nc10_angm20,900,east,east_0116,58000,1,0.0416666666667,16.1323966592,16.1323966592,16.1323966592,1,0,-14.9418173307,-6.08245976784,11.3170664016,22.1500736449,-15.8187223647,3.16579290527,copernicus_a2_land_core,30,false,30.9222222222
aqaba_lsb_nc10_angm20,900,east,east_0077,38500,1,0.0416666666667,15.8678256878,15.8678256878,15.8678256878,1,0,-15.861179529,-0.459212376977,37.2340110747,1.65836237546,-12.6335008131,9.60117436899,gmrt_shore_blend,54,unknown,69.1441909042
aqaba_lsb_nc10_angm20,900,east,east_0065,32500,1,0.0416666666667,15.8351454551,15.8351454551,15.8351454551,1,0,15.5868517607,2.79318523789,51.2099572746,10.1596456383,9.92021764983,-12.3426542268,gmrt_shore_blend,54,unknown,61.8444444444
aqaba_lsb_nc10_angm20,900,west,west_0063,31500,1,0.0416666666667,12.2636008429,12.2636008429,12.2636008429,1,0,10.1696275869,-6.85380043299,25.1266035353,33.9779223551,-11.1031176022,-5.20736835107,gmrt_shore_blend,54,unknown,188.092534687
aqaba_lsb_nc10_angm20,900,west,west_0082,41000,2,0.0833333333333,7.26340429374,7.26340429374,8.07004879548,2,0,-3.94560185615,5.82748680952,61.1985924076,57.5345618529,3.56914585508,6.19647363673,gmrt_shore_blend,54,unknown,69.1441909042
aqaba_lsb_nc10_angm20,900,west,west_0045,22500,1,0.166666666667,7.9548959366,7.9548959366,7.9548959366,1,1,-0.422789405442,7.94365271653,74.6225561499,86.9533897455,-2.10945188175,7.67010965506,gmrt_shore_blend,54,unknown,276.576763617
aqaba_lsb_nc10_angm20,900,west,west_0151,75500,2,0.125,6.73983792113,6.73983792113,7.24221151327,2,1,-1.75292535052,6.50575246427,84.8524350296,75.0262868027,0.128847865685,6.71157028855,gmrt_shore_blend,54,unknown,328.707731076
aqaba_lsb_nc10_angm20,900,west,west_0081,40500,1,0.0416666666667,7.03021053806,7.03021053806,7.03021053806,1,0,-2.56784204887,6.54446693181,81.8337460106,68.5765263481,0.998612945768,6.95892465788,gmrt_shore_blend,54,unknown,30.9222222222
aqaba_lsb_nc10_angm20,900,west,west_0070,35000,1,0.0833333333333,6.52826190124,6.52826190124,6.52826190124,1,1,5.08692174887,4.09162932975,22.5408143233,38.8112122425,-6.02954640366,-2.50255341948,gmrt_shore_blend,54,unknown,30.9222222222
aqaba_lsb_nc10_angm20,900,west,west_0084,42000,1,0.0416666666667,6.0045353444,6.0045353444,6.0045353444,1,0,0.00280791295331,6.00453468787,81.1564415911,89.9732066583,-0.923119733169,5.93315216899,gmrt_shore_blend,54,unknown,235.496628374
aqaba_lsb_nc10_angm20,900,west,west_0090,45000,1,0.0833333333333,5.95906274432,5.95906274432,5.95906274432,1,1,5.95788749301,0.118344460681,1.1709239609,1.1379447099,-5.95781838739,0.121773780232,gmrt_shore_blend,54,unknown,207.432572713
aqaba_lsc_c10_angm30,900,east,east_0055,27500,3,0.75,32.4614455626,28.7907531064,33.1052902202,3,2,29.2524822629,14.0725878738,24.4291889649,25.6398962236,29.7610274066,8.60450537635,gmrt_shore_blend,54,unknown,87.4612520908
aqaba_lsc_c10_angm30,900,east,east_0129,64500,1,0.291666666667,24.6108579738,24.6108579738,24.6108579738,1,1,-19.5751458934,14.9167018292,27.1500363243,37.3082166453,-21.8991016904,11.2304797476,gmrt_shore_blend,54,unknown,69.1441909042
aqaba_lsc_c10_angm30,900,east,east_0164,82000,1,0.25,22.1504669592,22.1504669592,22.1504669592,1,1,-20.9992728269,-7.04795908395,2.27714433982,18.5532316345,-22.1329752769,-0.880109026555,copernicus_a2_land_core,30,false,43.7306260454
aqaba_lsc_c10_angm30,900,east,east_0127,63500,1,0.0416666666667,18.349127481,18.349127481,18.349127481,1,0,8.32618055895,-16.3513056548,87.7951121158,63.0145392254,0.705947004351,-18.3355424829,copernicus_a2_land_core,30,false,30.9222222222
aqaba_lsc_c10_angm30,900,east,east_0126,63000,1,0.125,18.0186572885,18.0186572885,18.0186572885,1,1,-13.582155339,11.8404842311,47.7484349758,41.0808663599,-12.1155113888,13.3374058298,gmrt_shore_blend,54,unknown,30.9222222222
aqaba_lsc_c10_angm30,900,east,east_0054,27000,1,0.208333333333,17.9321904857,17.9321904857,17.9321904857,1,1,-15.9890034149,8.11881921292,56.1844129415,26.9203300258,-9.97965242532,14.8986574255,gmrt_shore_blend,54,unknown,30.9222222222
aqaba_lsc_c10_angm30,900,east,east_0045,22500,1,0.0833333333333,17.1762494077,17.1762494077,17.1762494077,1,1,17.0594275217,-1.99986908317,4.86143627133,6.68624098023,17.114458908,-1.45562357923,copernicus_a2_land_core,30,false,30.9222222222
aqaba_lsc_c10_angm30,900,east,east_0167,83500,1,0.166666666667,17.10610419,17.10610419,17.10610419,1,1,17.0291277747,-1.62098975596,0.406830888198,5.43755806686,17.105672967,0.121461530709,gmrt_shore_blend,54,unknown,61.8444444444
aqaba_lsc_c10_angm30,900,west,west_0211,105500,4,1,9.75502566387,10.068411359,10.6951827492,4,4,-9.15839752036,1.21558187258,10.7414847533,6.78457985258,9.01838376671,1.80045027485,copernicus_a2_land_core,30,false,43.7306260454
aqaba_lsc_c10_angm30,900,west,west_0212,106000,3,0.625,8.28967155354,7.74823765858,8.48242258338,3,3,3.80582790671,5.23550079526,37.7111402087,53.9855774111,-4.77245890883,4.37246276098,copernicus_a2_land_core,30,false,30.9222222222
aqaba_lsc_c10_angm30,900,west,west_0214,107000,1,0.0416666666667,7.40945129719,7.40945129719,7.40945129719,1,0,-0.000496656014158,7.40945128055,55.876897722,89.9961594601,4.15650087674,6.13379727307,gmrt_shore_blend,54,unknown,61.8444444444
aqaba_lsc_c10_angm30,900,west,west_0213,106500,1,0.0416666666667,6.30055350148,6.30055350148,6.30055350148,1,0,0.689936046868,6.26266418358,45.1988324746,83.713273697,-4.43967663787,4.47059792155,gmrt_shore_blend,54,unknown,92.7666666667
aqaba_lsc_c10_angm30,900,west,west_0165,82500,1,0.0416666666667,6.11913434055,6.11913434055,6.11913434055,1,0,-0.586867237149,6.09092701677,89.2084053936,84.4964799934,0.0845388557891,6.1185503397,gmrt_shore_blend,54,unknown,322.837477937
aqaba_lsd_nc8_angm40,900,east,east_0011,5500,3,0.5,17.0916339277,16.8834303201,18.1589740151,3,3,-13.8523282015,9.4611193099,47.9471604116,35.8577128174,-10.837714438,11.4346869107,gmrt_shore_blend,54,unknown,61.8444444444
aqaba_lsd_nc8_angm40,900,east,east_0052,26000,1,0.0833333333333,17.7644312698,17.7644312698,17.7644312698,1,1,-13.5683602579,11.4662381908,25.2439343487,40.2002088558,-16.067933401,7.57605006306,gmrt_shore_blend,54,unknown,30.9222222222
aqaba_lsd_nc8_angm40,900,east,east_0017,8500,4,0.458333333333,15.5735245211,15.749069969,16.1001608647,4,3,13.592826274,-1.2464963703,26.2514106255,19.2451092736,10.4643558426,3.61452166476,copernicus_a2_land_core,30,false,30.9222222222
aqaba_lsd_nc8_angm40,900,east,east_0037,18500,1,0.0416666666667,15.9721977369,15.9721977369,15.9721977369,1,0,11.6448921225,10.9319526162,80.3921236086,43.1912948668,2.66582830693,15.7481573521,copernicus_a2_land_core,30,false,30.9222222222
aqaba_lsd_nc8_angm40,900,east,east_0012,6000,1,0.375,14.1455877897,14.1455877897,14.1455877897,1,1,-12.7934482778,6.03534051063,69.5445105856,25.2557097705,-4.94359458872,13.2536231446,gmrt_shore_blend,54,unknown,69.1441909042
aqaba_lsd_nc8_angm40,900,west,west_0086,43000,1,0.0416666666667,7.3963755071,7.3963755071,7.3963755071,1,0,4.47919875873,5.88584311053,57.752803521,52.7284204157,-3.94650725398,6.25551365887,gmrt_shore_blend,54,unknown,61.8444444444
aqaba_lsd_nc8_angm40,900,west,west_0094,47000,1,0.0416666666667,6.14880558743,6.14880558743,6.14880558743,1,0,0.787922525823,6.09811349889,82.9403480663,82.6377398083,0.755704436144,6.10218984932,gmrt_shore_blend,54,unknown,276.576763617
aqaba_lsd_nc8_angm40,900,west,west_0046,23000,1,0.0833333333333,6.14483433307,6.14483433307,6.14483433307,1,1,0.736487676877,6.10053890101,70.9201197037,83.1162792497,-2.00866065503,5.80726022784,gmrt_shore_blend,54,unknown,249.302925706
aqaba_lsd_nc8_angm40,900,west,west_0083,41500,1,0.0416666666667,5.92718449588,5.92718449588,5.92718449588,1,0,5.80090890274,-1.21695190964,4.4911469117,11.8480582358,-5.90898474979,0.464128511335,gmrt_shore_blend,54,unknown,30.9222222222
aqaba_lsd_nc8_angm40,900,west,west_0091,45500,1,0.0416666666667,5.79041946285,5.79041946285,5.79041946285,1,0,1.7946728099,5.50527992577,80.7567598778,71.9444873256,-0.930092591556,5.71523274476,gmrt_shore_blend,54,unknown,154.611111111
aqaba_lsd_nc8_angm40,900,west,west_0067,33500,1,0.0416666666667,5.63402816423,5.63402816423,5.63402816423,1,0,1.48950217035,-5.4335675794,63.4831299618,74.6701184887,-2.51537551697,-5.04134499553,gmrt_shore_blend,54,unknown,92.7666666667
aqaba_lsd_nc8_angm40,900,west,west_0072,36000,2,0.0833333333333,5.56866114617,5.56866114617,5.62279562039,2,0,-2.06464958139,-5.12635097934,40.143171465,68.1317073578,3.82648746409,-3.19557794326,gmrt_shore_blend,54,unknown,197.998830586
aqaba_lsd_nc8_angm40,900,west,west_0033,16500,1,0.0416666666667,5.59504322337,5.59504322337,5.59504322337,1,0,-0.522257296231,5.57061540478,84.9697219978,84.6440515679,-0.490585533687,5.57349392263,gmrt_shore_blend,54,unknown,285.088802496
aqaba_lsd_nc8_angm40,900,west,west_0051,25500,1,0.0416666666667,5.56659127683,5.56659127683,5.56659127683,1,0,0.334781346562,5.55651508531,61.2747004594,86.5520838009,-2.67536368377,4.88153332497,gmrt_shore_blend,54,unknown,216.455555556
aqaba_lse_c10_angm40,900,east,east_0055,27500,4,0.833333333333,26.0372470205,29.0377527922,35.0387643355,4,3,6.30922663974,8.38151447544,17.9376419435,16.4758543812,7.46915255994,6.91717033974,gmrt_shore_blend,54,unknown,87.4612520908
aqaba_lse_c10_angm40,900,east,east_0129,64500,1,0.625,27.6873734511,27.6873734511,27.6873734511,1,1,-20.7970871602,18.277631528,31.1526152316,41.3107955529,-23.694643399,14.3232162175,gmrt_shore_blend,54,unknown,69.1441909042
aqaba_lse_c10_angm40,900,east,east_0077,38500,1,0.0833333333333,21.1756641504,21.1756641504,21.1756641504,1,1,18.503148671,10.2976813636,8.87170434174,29.0975434324,20.9223216678,3.26576304073,gmrt_shore_blend,54,unknown,69.1441909042
aqaba_lse_c10_angm40,900,east,east_0126,63000,1,0.25,17.4530394263,17.4530394263,17.4530394263,1,1,-15.4416537105,8.1341204751,17.4024385571,27.7786851739,-16.6541719284,5.21987955777,gmrt_shore_blend,54,unknown,30.9222222222
aqaba_lse_c10_angm40,900,east,east_0342,171000,1,0.333333333333,17.0704831199,17.0704831199,17.0704831199,1,1,14.8913688565,-8.34556933514,46.9710927585,29.2675768656,11.6483388037,-12.4786857105,copernicus_a2_land_core,30,false,30.9222222222
aqaba_lse_c10_angm40,900,east,east_0076,38000,1,0.125,16.7388568764,16.7388568764,16.7388568764,1,1,-16.6053999132,2.10950782219,33.6904454912,7.239929254,-13.9275095396,9.28513907023,gmrt_shore_blend,54,unknown,111.491657774
aqaba_lse_c10_angm40,900,east,east_0067,33500,1,0.333333333333,16.7379383988,16.7379383988,16.7379383988,1,1,-11.1849534477,12.452124245,52.0527794367,48.0686578813,-10.2927494794,13.1991624732,copernicus_a2_land_core,30,false,43.7306260454
aqaba_lse_c10_angm40,900,west,west_0102,51000,1,0.0416666666667,5.62186791555,5.62186791555,5.62186791555,1,0,-0.0146949190364,5.6218487101,75.3697816371,89.8502352221,1.41996972608,5.43958498757,gmrt_core,54,unknown,61.8444444444
aqaba_lse_c10_angm40,900,west,west_0083,41500,2,0.0833333333333,4.94958834931,4.94958834931,5.19528445023,2,0,0.188744218688,4.94587731895,75.7448789219,87.7954784239,0.0479544742211,4.79732691745,gmrt_shore_blend,54,unknown,30.9222222222
aqaba_lse_c10_angm40,900,west,west_0119,59500,1,0.0416666666667,5.19063385084,5.19063385084,5.19063385084,1,0,-1.77963943159,4.87601920289,80.3686628939,69.9490333433,0.868434558759,5.1174701944,gmrt_core,54,unknown,30.9222222222
aqaba_lse_c10_angm40,900,west,west_0078,39000,1,0.0416666666667,5.00869027152,5.00869027152,5.00869027152,1,0,-0.114375021978,5.00738420639,70.0518583139,88.69151907,1.70881230118,4.70817785936,gmrt_shore_blend,54,unknown,30.9222222222
aqaba_lse_c10_angm40,900,west,west_0082,41000,1,0.0833333333333,4.89334818706,4.89334818706,4.89334818706,1,1,-1.19979149381,4.74398111834,77.6419894321,75.8070408293,1.04727198877,4.77996630337,gmrt_shore_blend,54,unknown,69.1441909042
aqaba_lse_c10_angm40,900,west,west_0084,42000,2,0.0833333333333,4.78309604084,4.78309604084,4.78343911835,2,0,1.71445801397,4.4451531588,73.2253176587,68.9091596421,-1.37886519721,4.57426887602,gmrt_shore_blend,54,unknown,235.496628374
aqaba_lse_c10_angm40,900,west,west_0174,87000,1,0.0416666666667,4.66614006046,4.66614006046,4.66614006046,1,0,-1.16333814594,4.51879490817,88.9436498568,75.5630260137,-0.0860237616611,4.66534703707,gmrt_shore_blend,54,unknown,180.305990259
aqaba_lse_c10_angm40,900,west,west_0087,43500,1,0.0416666666667,4.61194849947,4.61194849947,4.61194849947,1,0,2.18327601808,4.06243458909,50.0299682122,61.7450625244,-2.96265505441,3.53450760225,gmrt_shore_blend,54,unknown,61.8444444444
aqaba_lsf_nc10_angm30,900,east,east_0126,63000,3,0.208333333333,13.5139710909,13.3216215256,15.4424089415,3,2,-12.0102241613,5.12944794453,29.1861451738,27.7719839369,-13.4711191034,6.22569941212,gmrt_shore_blend,54,unknown,30.9222222222
aqaba_lsf_nc10_angm30,900,east,east_0128,64000,2,0.0833333333333,13.5025655281,13.5025655281,14.5555561902,2,0,1.60292221485,3.18502221636,24.2305431226,14.6588761517,-0.212250714405,5.62014743531,copernicus_a2_land_core,30,false,43.7306260454
aqaba_lsf_nc10_angm30,900,east,east_0115,57500,1,1,13.1725895713,13.1725895713,13.1725895713,1,1,-12.1454801593,-5.09945366815,10.7245751733,22.7757968051,-12.9425048775,-2.45126161614,copernicus_a2_land_core,30,false,30.9222222222
aqaba_lsf_nc10_angm30,900,east,east_0120,60000,2,0.333333333333,12.1364013141,12.1364013141,12.9129095554,2,2,-12.0341116034,1.43618429988,13.5926997836,6.61162512319,-11.7691940048,2.88902602745,copernicus_a2_land_core,30,false,43.7306260454
aqaba_lsf_nc10_angm30,900,east,east_0127,63500,1,0.0416666666667,12.1527656264,12.1527656264,12.1527656264,1,0,-9.76116578988,7.23943055725,48.237760589,36.5627143983,-8.09424043925,9.06493155421,copernicus_a2_land_core,30,false,30.9222222222
aqaba_lsf_nc10_angm30,900,east,east_0079,39500,1,0.0416666666667,11.8932364298,11.8932364298,11.8932364298,1,0,-11.769130907,1.71365996303,6.60226742826,8.28440909594,-11.8143630582,1.3674422491,gmrt_shore_blend,54,unknown,43.7306260454
aqaba_lsf_nc10_angm30,900,west,west_0214,107000,1,0.916666666667,4.32988240976,4.32988240976,4.32988240976,1,1,-3.98985797268,-1.68193788239,17.6314614758,22.8580172659,4.12648397911,-1.31149214732,gmrt_shore_blend,54,unknown,61.8444444444
aqaba_lsf_nc10_angm30,900,west,west_0137,68500,1,0.0416666666667,3.84707872211,3.84707872211,3.84707872211,1,0,1.28744211883,3.62525964377,60.2074851703,70.4484717376,-1.91146180809,3.33861175495,gmrt_shore_blend,54,unknown,241.510276089
aqaba_lsf_nc10_angm30,900,west,west_0192,96000,1,0.0416666666667,3.76574160072,3.76574160072,3.76574160072,1,0,3.73345973286,0.492024619826,2.79260535128,7.5076226907,-3.76126953261,0.183470178751,gmrt_shore_blend,54,unknown,235.496628374
aqaba_lsf_nc10_angm30,900,west,west_0135,67500,1,0.0833333333333,3.73802382684,3.73802382684,3.73802382684,1,1,-1.52143587155,3.41438940643,87.558302978,65.9824719526,-0.15925011155,3.7346300395,gmrt_shore_blend,54,unknown,235.496628374
aqaba_lsf_nc10_angm30,900,west,west_0163,81500,1,0.0416666666667,3.71416763452,3.71416763452,3.71416763452,1,0,-1.19680215019,3.51606396851,61.7548155135,71.2023899824,1.7577136009,3.27192361074,gmrt_shore_blend,54,unknown,154.611111111
aqaba_lsf_nc10_angm30,900,west,west_0096,48000,1,0.0833333333333,3.1703576157,3.1703576157,3.1703576157,1,1,0.543013885447,3.12350817698,84.6745757194,80.1378418156,0.294248558246,3.15667312173,gmrt_shore_blend,54,unknown,264.19958248
aqaba_lsf_nc10_angm30,900,west,west_0112,56000,1,0.125,3.16193121734,3.16193121734,3.16193121734,1,1,-1.40427528585,2.83298781232,69.7305463487,63.6329821307,1.09540547987,2.96612472055,gmrt_shore_blend,54,unknown,218.653130227
aqaba_lsf_nc10_angm30,900,west,west_0155,77500,1,0.0833333333333,3.15148075747,3.15148075747,3.15148075747,1,1,0.94029203535,3.00793647754,65.7898374582,72.6405632011,-1.29237438754,2.87429981162,gmrt_shore_blend,54,unknown,293.353957608
aqaba_lsf_nc10_angm30,900,west,west_0133,66500,1,0.0833333333333,3.1169101818,3.1169101818,3.1169101818,1,1,-3.08736589131,0.428136584035,0.276379009935,7.89506868309,3.11687391925,-0.0150350552291,gmrt_shore_blend,54,unknown,276.576763617
aqaba_lsf_nc10_angm30,900,west,west_0174,87000,1,0.0416666666667,3.04608422122,3.04608422122,3.04608422122,1,0,-0.623126300524,2.98166777096,70.4555723206,78.1958858103,1.01902998431,2.87057607003,gmrt_shore_blend,54,unknown,180.305990259
