case_id,requested_time_min_s,seaward_distance_m,landward_distance_m,side,zone,rank,point_id,max_displayed_speed_mps,max_frame_index,max_time_s,displayed_frame_count,x_m,y_m,shoreline_distance_m,b0_m,b_current_at_max_m,h_at_max_m,dynamic_wet_at_max,u_at_max_mps,v_at_max_mps,source_topo_id,native_dx_m,native_dy_m,effective_resolution_m,source_precedence_rank,colorbar_fraction_at_max,colorbar_saturated_at_max
aqaba_lsa_c10_angm25,900,1000,500,east,combined_coastal,1,669734,23.6787296587,62,3060,5,85504.0703125,3156553,23.7704479582,-2.94090185383,-1.21296840906,0.704425036907,true,19.8966007233,-12.8377380371,topo-bathy.tt3,30,30,30,1,0.861730313647,false
aqaba_lsa_c10_angm25,900,1000,500,east,combined_coastal,2,667813,18.358914819,44,900,1,85414.0390625,3155832.75,1.39062349246,-12.1270460507,-5.11352074146,1.29332339764,true,-15.7229318619,9.47835254669,topo-bathy.tt3,30,30,30,1,0.668128470287,false
aqaba_lsa_c10_angm25,900,1000,500,east,combined_coastal,3,668876,17.5300820101,58,2580,2,85564.09375,3156252.75,17.9409922855,3.71568529799,-1.10100951791,0.305731624365,true,15.017531395,9.04309272766,topo-bathy.tt3,30,30,30,1,0.637965097221,false
aqaba_lsa_c10_angm25,900,1000,500,east,combined_coastal,4,676873,17.4225222303,44,900,1,86434.421875,3158323.75,9.22526511452,-4.3614704702,-3.12447661161,0.679392755032,true,-14.2801799774,-9.98101902008,topo-bathy.tt3,30,30,30,1,0.634050718196,false
aqaba_lsa_c10_angm25,900,1000,500,east,combined_coastal,5,667324,17.2282248025,63,3180,1,85504.0703125,3155652.75,4.29018285819,-11.8395387623,-6.89856910706,2.81227350235,true,12.7591571808,-11.5765123367,topo-bathy.tt3,30,30,30,1,0.626979731457,false
aqaba_lsa_c10_angm25,900,1000,500,east,combined_coastal,6,608639,17.1794423147,62,3060,3,76470.7109375,3135335,12.0388961328,2.38725772098,-2.21444505453,0.927855551243,true,8.04090309143,15.1814727783,topo-bathy.tt3,30,30,30,1,0.625204410351,false
aqaba_lsa_c10_angm25,900,1000,500,east,combined_coastal,7,664196,16.4277310161,52,1860,1,84663.7578125,3154602.25,2.63403293988,-1.10053009106,-2.94126737118,1.28092861176,true,12.1108846664,11.0994062424,topo-bathy.tt3,30,30,30,1,0.597847688835,false
aqaba_lsa_c10_angm25,900,1000,500,east,combined_coastal,8,650128,16.2498599584,49,1500,4,82623,3149800.5,18.0750893991,3.26085157871,-3.1873190403,1.89267420769,true,-13.631064415,-8.84601783752,topo-bathy.tt3,30,30,30,1,0.591374500258,false
aqaba_lsa_c10_angm25,900,1000,500,east,combined_coastal,9,625734,16.2124860104,57,2460,10,79861.9765625,3141967.5,23.4967141765,-22.0929570839,-4.38952600956,1.46121585369,true,13.1705198288,9.45421123505,topo-bathy.tt3,30,30,30,1,0.590014365471,false
aqaba_lsa_c10_angm25,900,1000,500,east,combined_coastal,10,668793,16.1308621066,65,3420,8,85534.0859375,3156222.75,14.9019690639,3.38959053816,-2.81663835049,1.39354646206,true,12.4729614258,10.2288780212,topo-bathy.tt3,30,30,30,1,0.587043860159,false
aqaba_lsa_c10_angm25,900,1000,500,east,landward_inundated,1,668876,17.5300820101,58,2580,2,85564.09375,3156252.75,17.9409922855,3.71568529799,-1.10100951791,0.305731624365,true,15.017531395,9.04309272766,topo-bathy.tt3,30,30,30,1,0.637965097221,false
aqaba_lsa_c10_angm25,900,1000,500,east,landward_inundated,2,608639,17.1794423147,62,3060,3,76470.7109375,3135335,12.0388961328,2.38725772098,-2.21444505453,0.927855551243,true,8.04090309143,15.1814727783,topo-bathy.tt3,30,30,30,1,0.625204410351,false
aqaba_lsa_c10_angm25,900,1000,500,east,landward_inundated,3,650128,16.2498599584,49,1500,4,82623,3149800.5,18.0750893991,3.26085157871,-3.1873190403,1.89267420769,true,-13.631064415,-8.84601783752,topo-bathy.tt3,30,30,30,1,0.591374500258,false
aqaba_lsa_c10_angm25,900,1000,500,east,landward_inundated,4,668793,16.1308621066,65,3420,8,85534.0859375,3156222.75,14.9019690639,3.38959053816,-2.81663835049,1.39354646206,true,12.4729614258,10.2288780212,topo-bathy.tt3,30,30,30,1,0.587043860159,false
aqaba_lsa_c10_angm25,900,1000,500,east,landward_inundated,5,603427,15.2792413722,59,2700,6,75390.3046875,3133594.5,0.960509081338,0.64948280842,-0.295745640993,0.508165836334,true,-9.01778507233,-12.3342924118,topo-bathy.tt3,30,30,30,1,0.556051175453,false
aqaba_lsa_c10_angm25,900,1000,500,east,landward_inundated,6,625735,14.8989318291,49,1500,5,79891.984375,3141967.5,5.09690169727,0.459742838269,-4.38952612877,1.32522296906,true,12.3132677078,8.38818264008,topo-bathy.tt3,30,30,30,1,0.542210725961,false
aqaba_lsa_c10_angm25,900,1000,500,east,landward_inundated,7,681241,14.6037206833,67,3600,5,87574.84375,3159104,10.9039972578,1.97509316051,-0.744032174349,0.24283733964,true,-10.3558340073,-10.2968616486,topo-bathy.tt3,30,30,30,1,0.531467227601,false
aqaba_lsa_c10_angm25,900,1000,500,east,landward_inundated,8,666911,14.5667109925,62,3060,6,85414.0390625,3155502.5,6.80009740958,2.31150590773,-3.36071455479,1.24172794819,true,-8.22711849213,-12.0209646225,topo-bathy.tt3,30,30,30,1,0.530120349076,false
aqaba_lsa_c10_angm25,900,1000,500,east,landward_inundated,9,670012,14.4766596544,45,1020,8,85564.09375,3156643,2.73304826402,2.44460533837,-1.41360396147,0.725818634033,true,5.59817409515,13.350435257,topo-bathy.tt3,30,30,30,1,0.5268431476,false
aqaba_lsa_c10_angm25,900,1000,500,east,landward_inundated,10,620993,14.2905982809,50,1620,8,78811.578125,3140227,1.81450025903,1.18148703814,-0.670684590936,0.46520113945,true,-13.5912408829,-4.41580915451,topo-bathy.tt3,30,30,30,1,0.520071892212,false
aqaba_lsa_c10_angm25,900,1000,500,east,seaward,1,669734,23.6787296587,62,3060,5,85504.0703125,3156553,23.7704479582,-2.94090185383,-1.21296840906,0.704425036907,true,19.8966007233,-12.8377380371,topo-bathy.tt3,30,30,30,1,0.861730313647,false
aqaba_lsa_c10_angm25,900,1000,500,east,seaward,2,667813,18.358914819,44,900,1,85414.0390625,3155832.75,1.39062349246,-12.1270460507,-5.11352074146,1.29332339764,true,-15.7229318619,9.47835254669,topo-bathy.tt3,30,30,30,1,0.668128470287,false
aqaba_lsa_c10_angm25,900,1000,500,east,seaward,3,676873,17.4225222303,44,900,1,86434.421875,3158323.75,9.22526511452,-4.3614704702,-3.12447661161,0.679392755032,true,-14.2801799774,-9.98101902008,topo-bathy.tt3,30,30,30,1,0.634050718196,false
aqaba_lsa_c10_angm25,900,1000,500,east,seaward,4,667324,17.2282248025,63,3180,1,85504.0703125,3155652.75,4.29018285819,-11.8395387623,-6.89856910706,2.81227350235,true,12.7591571808,-11.5765123367,topo-bathy.tt3,30,30,30,1,0.626979731457,false
aqaba_lsa_c10_angm25,900,1000,500,east,seaward,5,664196,16.4277310161,52,1860,1,84663.7578125,3154602.25,2.63403293988,-1.10053009106,-2.94126737118,1.28092861176,true,12.1108846664,11.0994062424,topo-bathy.tt3,30,30,30,1,0.597847688835,false
aqaba_lsa_c10_angm25,900,1000,500,east,seaward,6,625734,16.2124860104,57,2460,10,79861.9765625,3141967.5,23.4967141765,-22.0929570839,-4.38952600956,1.46121585369,true,13.1705198288,9.45421123505,topo-bathy.tt3,30,30,30,1,0.590014365471,false
aqaba_lsa_c10_angm25,900,1000,500,east,seaward,7,603426,15.1978968574,55,2220,5,75360.296875,3133594.5,24.5751757539,-29.1884035161,-0.295745611191,0.675034761429,true,-9.6121301651,-11.7721290588,topo-bathy.tt3,30,30,30,1,0.553090837831,false
aqaba_lsa_c10_angm25,900,1000,500,east,seaward,8,599882,14.5933535745,45,1020,1,75120.203125,3132304,19.0708253955,-4.94465722859,-3.56591308117,1.85207891464,true,14.5926160812,-0.14671215415,topo-bathy.tt3,30,30,30,1,0.531089941655,false
aqaba_lsa_c10_angm25,900,1000,500,east,seaward,9,996282,14.3789776687,66,3540,11,109543.023438,3266664,38.71755846,-38.3387510275,-0.952277213335,0.463922232389,true,8.93569374084,11.2653617859,topo-bathy.tt3,30,30,30,1,0.523288247088,false
aqaba_lsa_c10_angm25,900,1000,500,east,seaward,10,664209,14.244325838,49,1500,4,85053.90625,3154602.25,1.41806342858,-0.250092803387,-2.56299197674,0.96789753437,true,7.96532344818,11.8090829849,topo-bathy.tt3,30,30,30,1,0.518387918144,false
aqaba_lsa_c10_angm25,900,1000,500,west,combined_coastal,1,674054,7.58303018648,44,900,1,59124.25,3157813.5,79.116836165,-4.51100718677,-4.38289034367,2.38415288925,true,-1.39486980438,7.4536356926,topo-bathy.tt3,30,30,30,1,0.275966112844,false
aqaba_lsa_c10_angm25,900,1000,500,west,combined_coastal,2,668231,7.25247065007,44,900,2,56513.2773438,3156012.75,27.542556882,-1.39349405977,-2.61085531116,3.10378193855,true,-2.43418765068,6.83176851273,topo-bathy.tt3,30,30,30,1,0.263936194977,false
aqaba_lsa_c10_angm25,900,1000,500,west,combined_coastal,3,597624,7.13316457818,44,900,1,49760.7617188,3131523.75,71.9818734715,-3.52274796444,-3.0885335058,3.2369325161,true,-4.86047267914,-5.22090435028,topo-bathy.tt3,30,30,30,1,0.25959433795,false
aqaba_lsa_c10_angm25,900,1000,500,west,combined_coastal,4,696803,6.85377274734,44,900,2,61255.0429688,3164926,5.04969664372,0.517811077027,-2.26461598277,0.278365343809,true,6.44932031631,-2.3195836544,topo-bathy.tt3,30,30,30,1,0.249426545442,false
aqaba_lsa_c10_angm25,900,1000,500,west,combined_coastal,5,673751,6.74116486755,44,900,1,59214.28125,3157753.5,83.8041448998,-3.65355925761,-3.5019056797,2.73693203926,true,-0.878739774227,6.68364572525,topo-bathy.tt3,30,30,30,1,0.245328452978,false
aqaba_lsa_c10_angm25,900,1000,500,west,combined_coastal,6,690248,6.6907627327,46,1140,1,60924.9179688,3162315.25,47.3527971402,-2.18417746333,-2.39928239584,1.68662035465,true,-3.30580663681,5.81703948975,topo-bathy.tt3,30,30,30,1,0.243494188721,false
aqaba_lsa_c10_angm25,900,1000,500,west,combined_coastal,7,590659,6.64947994929,44,900,1,50631.0859375,3128912.75,201.194764773,-2.96044226158,-4.03067362309,1.05162131786,true,5.99049043655,2.88610601425,topo-bathy.tt3,30,30,30,1,0.241991801286,false
aqaba_lsa_c10_angm25,900,1000,500,west,combined_coastal,8,591864,6.57806188418,44,900,1,50661.0976562,3129272.75,109.731562001,-3.83503468684,-3.63881528378,2.65489983559,true,-3.24133253098,-5.72404241562,topo-bathy.tt3,30,30,30,1,0.239392712884,false
aqaba_lsa_c10_angm25,900,1000,500,west,combined_coastal,9,672632,6.43330411403,47,1260,1,59964.5625,3157513.25,116.763948884,-3.90684903977,-3.70422655344,0.894053995609,true,4.45456647873,-4.6415772438,topo-bathy.tt3,30,30,30,1,0.234124602623,false
aqaba_lsa_c10_angm25,900,1000,500,west,combined_coastal,10,674827,6.33584451168,47,1260,3,59064.2265625,3157963.5,18.847661524,-2.97801059517,-2.76471722126,1.44945836067,true,-5.9771270752,-2.1016368866,topo-bathy.tt3,30,30,30,1,0.230577795218,false
aqaba_lsa_c10_angm25,900,1000,500,west,landward_inundated,1,696803,6.85377274734,44,900,2,61255.0429688,3164926,5.04969664372,0.517811077027,-2.26461598277,0.278365343809,true,6.44932031631,-2.3195836544,topo-bathy.tt3,30,30,30,1,0.249426545442,false
aqaba_lsa_c10_angm25,900,1000,500,west,landward_inundated,2,617076,6.23316559591,45,1020,1,49580.6953125,3138696.25,33.4243073592,3.54243762818,0.287623643875,0.475472688675,true,6.15517282486,-0.982955157757,topo-bathy.tt3,30,30,30,1,0.226841043476,false
aqaba_lsa_c10_angm25,900,1000,500,west,landward_inundated,3,616788,5.9491799425,45,1020,1,49580.6953125,3138576.25,37.8740032272,4.28175363343,0.756453990936,0.602093100548,true,5.78138017654,-1.40299153328,topo-bathy.tt3,30,30,30,1,0.216506069864,false
aqaba_lsa_c10_angm25,900,1000,500,west,landward_inundated,4,693602,5.81052822822,44,900,1,60864.8984375,3163755.75,8.46542613517,1.58266468605,-1.29088616371,0.363443434238,true,5.27318716049,2.44043755531,topo-bathy.tt3,30,30,30,1,0.211460174795,false
aqaba_lsa_c10_angm25,900,1000,500,west,landward_inundated,5,687579,5.76179501321,49,1500,2,61315.0664062,3161384.75,2.63630106173,0.506293930819,-4.80104923248,0.723170280457,true,4.71209669113,-3.31578445435,topo-bathy.tt3,30,30,30,1,0.209686646854,false
aqaba_lsa_c10_angm25,900,1000,500,west,landward_inundated,6,684464,5.73957693501,46,1140,1,61044.9648438,3160244.25,16.2904588471,1.33851833178,0.961134254932,0.526622593403,true,5.13944625854,-2.55515861511,topo-bathy.tt3,30,30,30,1,0.208878073431,false
aqaba_lsa_c10_angm25,900,1000,500,west,landward_inundated,7,687243,5.59720653774,44,900,1,61375.0859375,3161264.75,0.729150500411,2.04263101331,0.98561167717,2.69025874138,true,-1.43525147438,5.41006231308,topo-bathy.tt3,30,30,30,1,0.203696845854,false
aqaba_lsa_c10_angm25,900,1000,500,west,landward_inundated,8,613484,5.51922550293,48,1380,1,49580.6953125,3137165.75,24.054620978,2.09624124167,2.13972982764,0.460846811533,true,5.45202493668,0.85864675045,topo-bathy.tt3,30,30,30,1,0.200858913982,false
aqaba_lsa_c10_angm25,900,1000,500,west,landward_inundated,9,688894,5.49815161435,50,1620,2,61165.0078125,3161835,3.85449152913,0.0168940027711,-0.0272590517998,0.497519880533,true,5.21399688721,1.74467980862,topo-bathy.tt3,30,30,30,1,0.200091980584,false
aqaba_lsa_c10_angm25,900,1000,500,west,landward_inundated,10,626773,5.42926659849,45,1020,2,50691.109375,3142447.75,16.0187885629,1.26847567053,-0.767620354891,0.404506444931,true,5.32839727402,-1.04169011116,topo-bathy.tt3,30,30,30,1,0.197585076405,false
aqaba_lsa_c10_angm25,900,1000,500,west,seaward,1,674054,7.58303018648,44,900,1,59124.25,3157813.5,79.116836165,-4.51100718677,-4.38289034367,2.38415288925,true,-1.39486980438,7.4536356926,topo-bathy.tt3,30,30,30,1,0.275966112844,false
aqaba_lsa_c10_angm25,900,1000,500,west,seaward,2,668231,7.25247065007,44,900,2,56513.2773438,3156012.75,27.542556882,-1.39349405977,-2.61085531116,3.10378193855,true,-2.43418765068,6.83176851273,topo-bathy.tt3,30,30,30,1,0.263936194977,false
aqaba_lsa_c10_angm25,900,1000,500,west,seaward,3,597624,7.13316457818,44,900,1,49760.7617188,3131523.75,71.9818734715,-3.52274796444,-3.0885335058,3.2369325161,true,-4.86047267914,-5.22090435028,topo-bathy.tt3,30,30,30,1,0.25959433795,false
aqaba_lsa_c10_angm25,900,1000,500,west,seaward,4,673751,6.74116486755,44,900,1,59214.28125,3157753.5,83.8041448998,-3.65355925761,-3.5019056797,2.73693203926,true,-0.878739774227,6.68364572525,topo-bathy.tt3,30,30,30,1,0.245328452978,false
aqaba_lsa_c10_angm25,900,1000,500,west,seaward,5,690248,6.6907627327,46,1140,1,60924.9179688,3162315.25,47.3527971402,-2.18417746333,-2.39928239584,1.68662035465,true,-3.30580663681,5.81703948975,topo-bathy.tt3,30,30,30,1,0.243494188721,false
aqaba_lsa_c10_angm25,900,1000,500,west,seaward,6,590659,6.64947994929,44,900,1,50631.0859375,3128912.75,201.194764773,-2.96044226158,-4.03067362309,1.05162131786,true,5.99049043655,2.88610601425,topo-bathy.tt3,30,30,30,1,0.241991801286,false
aqaba_lsa_c10_angm25,900,1000,500,west,seaward,7,591864,6.57806188418,44,900,1,50661.0976562,3129272.75,109.731562001,-3.83503468684,-3.63881528378,2.65489983559,true,-3.24133253098,-5.72404241562,topo-bathy.tt3,30,30,30,1,0.239392712884,false
aqaba_lsa_c10_angm25,900,1000,500,west,seaward,8,672632,6.43330411403,47,1260,1,59964.5625,3157513.25,116.763948884,-3.90684903977,-3.70422655344,0.894053995609,true,4.45456647873,-4.6415772438,topo-bathy.tt3,30,30,30,1,0.234124602623,false
aqaba_lsa_c10_angm25,900,1000,500,west,seaward,9,674827,6.33584451168,47,1260,3,59064.2265625,3157963.5,18.847661524,-2.97801059517,-2.76471722126,1.44945836067,true,-5.9771270752,-2.1016368866,topo-bathy.tt3,30,30,30,1,0.230577795218,false
aqaba_lsa_c10_angm25,900,1000,500,west,seaward,10,690330,6.30867767328,46,1140,2,60924.9179688,3162345.25,65.2986852981,-2.72495482402,-2.95502614975,1.45266091824,true,-2.9875524044,5.556432724,topo-bathy.tt3,30,30,30,1,0.229589123591,false
aqaba_lsb_nc10_angm20,900,1000,500,east,combined_coastal,1,656080,27.7789975221,51,1740,2,83883.46875,3151871.25,3.31039869469,3.10748887676,0.298270724481,0.00312534742989,true,3.51830554008,-27.5552940369,topo-bathy.tt3,30,30,30,1,0.946047071698,false
aqaba_lsb_nc10_angm20,900,1000,500,east,combined_coastal,2,685243,18.4864156385,49,1500,1,88115.046875,3160604.5,0.59804499057,3.11016242109,-7.25083303452,2.51764345169,true,-5.03238630295,-17.7882728577,topo-bathy.tt3,30,30,30,1,0.629577052488,false
aqaba_lsb_nc10_angm20,900,1000,500,east,combined_coastal,3,682869,18.4476041902,48,1380,1,87995,3159704.25,1.16055041483,-2.72758438587,1.32570567727,0.43139526248,true,17.8179035187,-4.77874612808,topo-bathy.tt3,30,30,30,1,0.628255282074,false
aqaba_lsb_nc10_angm20,900,1000,500,east,combined_coastal,4,650130,17.4609514572,64,3300,8,82623,3149800.5,18.0750893991,3.26085157871,-3.1873190403,1.02615714073,true,-14.4676332474,-9.77611446381,topo-bathy.tt3,30,30,30,1,0.59465364011,false
aqaba_lsb_nc10_angm20,900,1000,500,east,combined_coastal,5,667837,17.0890655957,59,2700,1,85293.9921875,3155922.75,19.3157416175,-22.3363805299,1.95402824134,0.096527941525,true,17.0738792419,0.720285058022,topo-bathy.tt3,30,30,30,1,0.581988621151,false
aqaba_lsb_nc10_angm20,900,1000,500,east,combined_coastal,6,685241,16.8576261061,48,1380,1,88055.0234375,3160604.5,27.0776351643,-15.0725083611,-29.5827236176,21.1795406342,true,9.54923629761,13.8921432495,topo-bathy.tt3,30,30,30,1,0.574106671803,false
aqaba_lsb_nc10_angm20,900,1000,500,east,combined_coastal,7,650129,16.3491984186,56,2340,5,82592.9921875,3149800.5,6.13736733955,2.70787844508,-3.1873190999,0.852624475956,true,-10.8194570541,-12.2570648193,topo-bathy.tt3,30,30,30,1,0.556791557228,false
aqaba_lsb_nc10_angm20,900,1000,500,east,combined_coastal,8,726808,16.1323966592,45,1020,1,88085.0390625,3175700,30.0487471502,-26.4059117811,-2.89658397436,0.812879025936,true,7.93042182922,-14.0485811234,topo-bathy.tt3,30,30,30,1,0.549408113333,false
aqaba_lsb_nc10_angm20,900,1000,500,east,combined_coastal,9,679373,15.8678256878,44,900,1,86914.6015625,3158803.75,15.103287375,-13.4391278463,1.08247029781,1.07995975018,true,-12.0664405823,-10.3048000336,topo-bathy.tt3,30,30,30,1,0.540397831642,false
aqaba_lsb_nc10_angm20,900,1000,500,east,combined_coastal,10,663720,15.8351454551,51,1740,1,84603.7421875,3154512.25,5.9491496781,-2.2486919569,-5.5644903183,2.41697955132,true,14.7047185898,5.87563467026,topo-bathy.tt3,30,30,30,1,0.539284867129,false
aqaba_lsb_nc10_angm20,900,1000,500,east,landward_inundated,1,656080,27.7789975221,51,1740,2,83883.46875,3151871.25,3.31039869469,3.10748887676,0.298270724481,0.00312534742989,true,3.51830554008,-27.5552940369,topo-bathy.tt3,30,30,30,1,0.946047071698,false
aqaba_lsb_nc10_angm20,900,1000,500,east,landward_inundated,2,685243,18.4864156385,49,1500,1,88115.046875,3160604.5,0.59804499057,3.11016242109,-7.25083303452,2.51764345169,true,-5.03238630295,-17.7882728577,topo-bathy.tt3,30,30,30,1,0.629577052488,false
aqaba_lsb_nc10_angm20,900,1000,500,east,landward_inundated,3,650130,17.4609514572,64,3300,8,82623,3149800.5,18.0750893991,3.26085157871,-3.1873190403,1.02615714073,true,-14.4676332474,-9.77611446381,topo-bathy.tt3,30,30,30,1,0.59465364011,false
aqaba_lsb_nc10_angm20,900,1000,500,east,landward_inundated,4,650129,16.3491984186,56,2340,5,82592.9921875,3149800.5,6.13736733955,2.70787844508,-3.1873190999,0.852624475956,true,-10.8194570541,-12.2570648193,topo-bathy.tt3,30,30,30,1,0.556791557228,false
aqaba_lsb_nc10_angm20,900,1000,500,east,landward_inundated,5,666627,15.7867097221,50,1620,2,85293.9921875,3155472.5,12.8477645188,3.20177259788,-0.0565033257008,0.238544985652,true,-3.21906590462,15.4550256729,topo-bathy.tt3,30,30,30,1,0.53763533016,false
aqaba_lsb_nc10_angm20,900,1000,500,east,landward_inundated,6,649851,15.4220538002,50,1620,1,82532.96875,3149710.5,12.8212838066,1.85215271115,-2.1758441329,0.603881061077,true,7.68154811859,13.3728666306,topo-bathy.tt3,30,30,30,1,0.525216535466,false
aqaba_lsb_nc10_angm20,900,1000,500,east,landward_inundated,7,653744,15.2503097822,54,2100,12,83583.359375,3151031,11.978036355,3.63718949358,-2.05194807053,0.959867477417,true,-3.50576400757,-14.8418855667,topo-bathy.tt3,30,30,30,1,0.519367586985,false
aqaba_lsb_nc10_angm20,900,1000,500,east,landward_inundated,8,647333,15.1563669697,64,3300,14,82352.8984375,3148780,11.0292356639,2.6112445168,-2.61446255445,0.733353674412,true,-13.0210371017,-7.75680685043,topo-bathy.tt3,30,30,30,1,0.516168251855,false
aqaba_lsb_nc10_angm20,900,1000,500,east,landward_inundated,9,653743,15.0396828273,60,2820,12,83553.34375,3151031,4.54949422808,3.09225085227,-2.05194807053,1.02918386459,true,-3.41168832779,-14.647608757,topo-bathy.tt3,30,30,30,1,0.512194433463,false
aqaba_lsb_nc10_angm20,900,1000,500,east,landward_inundated,10,666626,14.9831368763,53,1980,4,85263.984375,3155472.5,15.0526631298,3.49056520546,1.02673751116,0.394506633282,true,2.80090999603,14.7190113068,topo-bathy.tt3,30,30,30,1,0.510268693297,false
aqaba_lsb_nc10_angm20,900,1000,500,east,seaward,1,682869,18.4476041902,48,1380,1,87995,3159704.25,1.16055041483,-2.72758438587,1.32570567727,0.43139526248,true,17.8179035187,-4.77874612808,topo-bathy.tt3,30,30,30,1,0.628255282074,false
aqaba_lsb_nc10_angm20,900,1000,500,east,seaward,2,667837,17.0890655957,59,2700,1,85293.9921875,3155922.75,19.3157416175,-22.3363805299,1.95402824134,0.096527941525,true,17.0738792419,0.720285058022,topo-bathy.tt3,30,30,30,1,0.581988621151,false
aqaba_lsb_nc10_angm20,900,1000,500,east,seaward,3,685241,16.8576261061,48,1380,1,88055.0234375,3160604.5,27.0776351643,-15.0725083611,-29.5827236176,21.1795406342,true,9.54923629761,13.8921432495,topo-bathy.tt3,30,30,30,1,0.574106671803,false
aqaba_lsb_nc10_angm20,900,1000,500,east,seaward,4,726808,16.1323966592,45,1020,1,88085.0390625,3175700,30.0487471502,-26.4059117811,-2.89658397436,0.812879025936,true,7.93042182922,-14.0485811234,topo-bathy.tt3,30,30,30,1,0.549408113333,false
aqaba_lsb_nc10_angm20,900,1000,500,east,seaward,5,679373,15.8678256878,44,900,1,86914.6015625,3158803.75,15.103287375,-13.4391278463,1.08247029781,1.07995975018,true,-12.0664405823,-10.3048000336,topo-bathy.tt3,30,30,30,1,0.540397831642,false
aqaba_lsb_nc10_angm20,900,1000,500,east,seaward,6,663720,15.8351454551,51,1740,1,84603.7421875,3154512.25,5.9491496781,-2.2486919569,-5.5644903183,2.41697955132,true,14.7047185898,5.87563467026,topo-bathy.tt3,30,30,30,1,0.539284867129,false
aqaba_lsb_nc10_angm20,900,1000,500,east,seaward,7,676513,15.532480784,52,1860,2,86434.421875,3158293.75,1.97175893394,-0.210543844593,-2.05233210325,2.5640847683,true,-11.657292366,-10.2647695541,topo-bathy.tt3,30,30,30,1,0.528977258818,false
aqaba_lsb_nc10_angm20,900,1000,500,east,seaward,8,681042,15.4630882847,45,1020,1,87544.8359375,3159104,6.36113216523,-5.42963061661,-0.744032204151,1.37743425369,true,-14.7605524063,-4.60794878006,topo-bathy.tt3,30,30,30,1,0.52661401404,false
aqaba_lsb_nc10_angm20,900,1000,500,east,seaward,9,665484,15.4558436387,62,3060,7,84783.8046875,3155082.5,43.7206574552,-14.7220649337,-20.6756219864,15.1259307861,true,-12.0867090225,-9.63299369812,topo-bathy.tt3,30,30,30,1,0.526367288933,false
aqaba_lsb_nc10_angm20,900,1000,500,east,seaward,10,680380,14.7855174202,55,2220,1,87244.71875,3158984,34.4283159868,-19.1527015477,-6.58545064926,4.26292610168,true,10.001999855,10.8890552521,topo-bathy.tt3,30,30,30,1,0.503538525744,false
aqaba_lsb_nc10_angm20,900,1000,500,west,combined_coastal,1,670903,12.2636008429,54,2100,1,57173.5234375,3157033.25,3.15420743286,-0.134212446439,-0.283672726713,0.00254667457193,true,-0.587123572826,12.2495384216,topo-bathy.tt3,30,30,30,1,0.417651632555,false
aqaba_lsb_nc10_angm20,900,1000,500,west,combined_coastal,2,688146,8.07004879548,45,1020,1,61225.03125,3161655,6.64773941247,1.51929095983,0.916188359261,1.02696418762,true,7.54835748672,-2.8544678688,topo-bathy.tt3,30,30,30,1,0.2748351889,false
aqaba_lsb_nc10_angm20,900,1000,500,west,combined_coastal,3,648949,7.9548959366,50,1620,4,53992.3398438,3149410.25,7.96283319121,-1.23387421195,0.389792323112,0.511948108673,true,6.98052310944,-3.8147957325,topo-bathy.tt3,30,30,30,1,0.270913520205,false
aqaba_lsb_nc10_angm20,900,1000,500,west,combined_coastal,4,762864,7.24221151327,44,900,1,72809.34375,3188995,61.9538174123,-5.12148593316,-4.70825630426,0.519564211369,true,4.80751848221,-5.41640043259,topo-bathy.tt3,30,30,30,1,0.246642197556,false
aqaba_lsb_nc10_angm20,900,1000,500,west,combined_coastal,5,688053,7.03021053806,46,1140,1,61195.0195312,3161624.75,46.9584583275,6.19269729353,2.81042230129,0.380049347878,true,6.94465780258,-1.09342956543,topo-bathy.tt3,30,30,30,1,0.239422250125,false
aqaba_lsb_nc10_angm20,900,1000,500,west,combined_coastal,6,674467,6.52826190124,66,3540,2,59094.2382812,3157933.5,13.594451134,-1.95907929246,-0.266369140649,0.000809497141745,true,5.66707229614,-3.2407553196,topo-bathy.tt3,30,30,30,1,0.222327787388,false
aqaba_lsb_nc10_angm20,900,1000,500,west,combined_coastal,7,688329,6.45675979199,45,1020,1,61195.0195312,3161715,17.3074124607,2.42634396907,1.92545902729,0.810310959816,true,6.39206314087,0.911743283272,topo-bathy.tt3,30,30,30,1,0.219892697316,false
aqaba_lsb_nc10_angm20,900,1000,500,west,combined_coastal,8,762946,6.237464329,48,1380,2,72809.34375,3189025,39.4098081312,-3.16887153822,-2.77391523123,0.504986464977,true,4.36704206467,-4.45363950729,topo-bathy.tt3,30,30,30,1,0.212424327357,false
aqaba_lsb_nc10_angm20,900,1000,500,west,combined_coastal,9,691760,6.0045353444,44,900,1,60744.8515625,3163005.5,51.1492081308,4.53069330975,4.62426635623,0.237631112337,true,5.99169778824,0.392431288958,topo-bathy.tt3,30,30,30,1,0.20449165147,false
aqaba_lsb_nc10_angm20,900,1000,500,west,combined_coastal,10,698524,5.95906274432,45,1020,2,61345.078125,3165766.5,8.9549219489,-0.952011657663,-0.769453346729,1.64759814739,true,1.07243061066,5.86176776886,topo-bathy.tt3,30,30,30,1,0.202943027546,false
aqaba_lsb_nc10_angm20,900,1000,500,west,landward_inundated,1,688146,8.07004879548,45,1020,1,61225.03125,3161655,6.64773941247,1.51929095983,0.916188359261,1.02696418762,true,7.54835748672,-2.8544678688,topo-bathy.tt3,30,30,30,1,0.2748351889,false
aqaba_lsb_nc10_angm20,900,1000,500,west,landward_inundated,2,688053,7.03021053806,46,1140,1,61195.0195312,3161624.75,46.9584583275,6.19269729353,2.81042230129,0.380049347878,true,6.94465780258,-1.09342956543,topo-bathy.tt3,30,30,30,1,0.239422250125,false
aqaba_lsb_nc10_angm20,900,1000,500,west,landward_inundated,3,688329,6.45675979199,45,1020,1,61195.0195312,3161715,17.3074124607,2.42634396907,1.92545902729,0.810310959816,true,6.39206314087,0.911743283272,topo-bathy.tt3,30,30,30,1,0.219892697316,false
aqaba_lsb_nc10_angm20,900,1000,500,west,landward_inundated,4,691760,6.0045353444,44,900,1,60744.8515625,3163005.5,51.1492081308,4.53069330975,4.62426635623,0.237631112337,true,5.99169778824,0.392431288958,topo-bathy.tt3,30,30,30,1,0.20449165147,false
aqaba_lsb_nc10_angm20,900,1000,500,west,landward_inundated,5,690536,5.9529305195,44,900,1,60744.8515625,3162495.25,39.9980980938,1.85421949996,0.341662883759,2.24394893646,true,-3.14623808861,-5.0535697937,topo-bathy.tt3,30,30,30,1,0.202734187277,false
aqaba_lsb_nc10_angm20,900,1000,500,west,landward_inundated,6,687625,5.92242960502,46,1140,1,61255.0429688,3161474.75,42.6334355205,4.59440174503,1.82242274284,1.10396933556,true,2.10028409958,-5.53750658035,topo-bathy.tt3,30,30,30,1,0.201695442059,false
aqaba_lsb_nc10_angm20,900,1000,500,west,landward_inundated,7,691472,5.87324759486,45,1020,1,60744.8515625,3162885.25,39.0808317671,3.42955881538,3.54110449553,0.683655560017,true,5.42330789566,-2.25449967384,topo-bathy.tt3,30,30,30,1,0.200020489726,false
aqaba_lsb_nc10_angm20,900,1000,500,west,landward_inundated,8,690681,5.55434579825,50,1620,1,60774.8632812,3162555.25,1.44066609589,0.0217326268008,-0.0529137849808,0.54327327013,true,5.44848108292,1.07926416397,topo-bathy.tt3,30,30,30,1,0.189159906633,false
aqaba_lsb_nc10_angm20,900,1000,500,west,landward_inundated,9,683257,5.23536719436,47,1260,1,60954.9296875,3159854.25,18.8947256228,1.07334669979,-1.13041062653,0.16851426661,true,4.8985247612,-1.84757268429,topo-bathy.tt3,30,30,30,1,0.178296707775,false
aqaba_lsb_nc10_angm20,900,1000,500,west,landward_inundated,10,695791,4.92703550781,46,1140,1,61135,3164626,39.2494414263,3.00965545575,1.64774680138,1.07849478722,true,4.07282495499,2.77268385887,topo-bathy.tt3,30,30,30,1,0.167796102455,false
aqaba_lsb_nc10_angm20,900,1000,500,west,seaward,1,670903,12.2636008429,54,2100,1,57173.5234375,3157033.25,3.15420743286,-0.134212446439,-0.283672726713,0.00254667457193,true,-0.587123572826,12.2495384216,topo-bathy.tt3,30,30,30,1,0.417651632555,false
aqaba_lsb_nc10_angm20,900,1000,500,west,seaward,2,648949,7.9548959366,50,1620,4,53992.3398438,3149410.25,7.96283319121,-1.23387421195,0.389792323112,0.511948108673,true,6.98052310944,-3.8147957325,topo-bathy.tt3,30,30,30,1,0.270913520205,false
aqaba_lsb_nc10_angm20,900,1000,500,west,seaward,3,762864,7.24221151327,44,900,1,72809.34375,3188995,61.9538174123,-5.12148593316,-4.70825630426,0.519564211369,true,4.80751848221,-5.41640043259,topo-bathy.tt3,30,30,30,1,0.246642197556,false
aqaba_lsb_nc10_angm20,900,1000,500,west,seaward,4,674467,6.52826190124,66,3540,2,59094.2382812,3157933.5,13.594451134,-1.95907929246,-0.266369140649,0.000809497141745,true,5.66707229614,-3.2407553196,topo-bathy.tt3,30,30,30,1,0.222327787388,false
aqaba_lsb_nc10_angm20,900,1000,500,west,seaward,5,762946,6.237464329,48,1380,2,72809.34375,3189025,39.4098081312,-3.16887153822,-2.77391523123,0.504986464977,true,4.36704206467,-4.45363950729,topo-bathy.tt3,30,30,30,1,0.212424327357,false
aqaba_lsb_nc10_angm20,900,1000,500,west,seaward,6,698524,5.95906274432,45,1020,2,61345.078125,3165766.5,8.9549219489,-0.952011657663,-0.769453346729,1.64759814739,true,1.07243061066,5.86176776886,topo-bathy.tt3,30,30,30,1,0.202943027546,false
aqaba_lsb_nc10_angm20,900,1000,500,west,seaward,7,686820,5.79214504956,48,1380,1,61405.0976562,3161174.75,20.3074660997,-3.95291737879,-3.8276732564,0.77423864603,true,5.7805929184,-0.365636140108,topo-bathy.tt3,30,30,30,1,0.197258445292,false
aqaba_lsb_nc10_angm20,900,1000,500,west,seaward,8,635396,5.75231638528,44,900,3,53482.1484375,3144488.5,920.255372326,-1.65113799088,-2.10511317104,2.05808877945,true,-4.33403205872,-3.78223609924,topo-bathy.tt3,30,30,30,1,0.19590203237,false
aqaba_lsb_nc10_angm20,900,1000,500,west,seaward,9,746004,5.68969510024,45,1020,1,70948.65625,3182422.5,12.3124587343,-1.21291026896,-1.05626067519,0.560723125935,true,5.46454381943,-1.58473694324,topo-bathy.tt3,30,30,30,1,0.193769389416,false
aqaba_lsb_nc10_angm20,900,1000,500,west,seaward,10,745932,5.62695892868,45,1020,1,70948.65625,3182392.5,18.5437248366,-1.76053743787,-1.62392765284,0.716921627522,true,5.4433350563,-1.42575252056,topo-bathy.tt3,30,30,30,1,0.191632833864,false
aqaba_lsc_c10_angm30,900,1000,500,east,combined_coastal,1,653727,33.1052902202,58,2580,9,83313.2578125,3151031,14.3522295273,-15.2565974382,-3.0969684124,0.533545732498,true,12.045083046,30.8362808228,topo-bathy.tt3,30,30,30,1,0.914760425845,false
aqaba_lsc_c10_angm30,900,1000,500,east,combined_coastal,2,653728,32.4614455626,53,1980,8,83343.265625,3151031,3.47471362921,3.12202569097,-3.09696829319,0.536744475365,true,11.783870697,30.2470798492,topo-bathy.tt3,30,30,30,1,0.896969806603,false
aqaba_lsc_c10_angm30,900,1000,500,east,combined_coastal,3,742143,24.6108579738,49,1500,7,88355.1328125,3181012,8.59469079178,1.38931069268,-2.82728654146,0.418909370899,true,-22.4048366547,-10.1841850281,topo-bathy.tt3,30,30,30,1,0.680043545029,false
aqaba_lsc_c10_angm30,900,1000,500,east,combined_coastal,4,781212,22.1504669592,59,2700,6,93066.890625,3196197.75,5.16319940864,-3.12402810654,-1.9410584569,0.710851490498,true,14.6307001114,-16.6308689117,topo-bathy.tt3,30,30,30,1,0.612058388658,false
aqaba_lsc_c10_angm30,900,1000,500,east,combined_coastal,5,653521,20.8055235365,47,1260,1,83253.234375,3150971,14.2840189202,-14.1423476664,-1.0243473649,0.664183616638,true,-18.2211837769,-10.0428218842,topo-bathy.tt3,30,30,30,1,0.574895113245,false
aqaba_lsc_c10_angm30,900,1000,500,east,combined_coastal,6,739952,18.349127481,66,3540,1,87964.9921875,3180291.75,51.3695725495,4.74050816253,4.67197239399,0.273045897484,true,18.2996349335,-1.34678900242,topo-bathy.tt3,30,30,30,1,0.50702034499,false
aqaba_lsc_c10_angm30,900,1000,500,east,combined_coastal,7,738204,18.0186572885,66,3540,3,87484.8125,3179811.75,9.1804923033,-15.1851801715,-1.18946009874,0.670065522194,true,-17.3800106049,-4.75470733643,topo-bathy.tt3,30,30,30,1,0.497888842078,false
aqaba_lsc_c10_angm30,900,1000,500,east,combined_coastal,8,652803,17.9321904857,66,3540,5,83133.1875,3150760.75,13.1413965938,-2.99863725963,-1.88238459826,0.775969803333,true,-13.9733304977,-11.2387495041,topo-bathy.tt3,30,30,30,1,0.49549960432,false
aqaba_lsc_c10_angm30,900,1000,500,east,combined_coastal,9,641254,17.1762494077,57,2460,2,81482.578125,3146499.25,7.51104487589,-1.32271102325,-3.5286077261,1.27323257923,true,8.02044773102,15.1886787415,topo-bathy.tt3,30,30,30,1,0.474611553566,false
aqaba_lsc_c10_angm30,900,1000,500,east,combined_coastal,10,784005,17.10610419,67,3600,4,93336.9921875,3197158,3.59895252404,-0.623271151187,-2.42167192698,0.847604453564,true,9.82017803192,14.0065307617,topo-bathy.tt3,30,30,30,1,0.472673311404,false
aqaba_lsc_c10_angm30,900,1000,500,east,landward_inundated,1,653728,32.4614455626,53,1980,8,83343.265625,3151031,3.47471362921,3.12202569097,-3.09696829319,0.536744475365,true,11.783870697,30.2470798492,topo-bathy.tt3,30,30,30,1,0.896969806603,false
aqaba_lsc_c10_angm30,900,1000,500,east,landward_inundated,2,742143,24.6108579738,49,1500,7,88355.1328125,3181012,8.59469079178,1.38931069268,-2.82728654146,0.418909370899,true,-22.4048366547,-10.1841850281,topo-bathy.tt3,30,30,30,1,0.680043545029,false
aqaba_lsc_c10_angm30,900,1000,500,east,landward_inundated,3,739952,18.349127481,66,3540,1,87964.9921875,3180291.75,51.3695725495,4.74050816253,4.67197239399,0.273045897484,true,18.2996349335,-1.34678900242,topo-bathy.tt3,30,30,30,1,0.50702034499,false
aqaba_lsc_c10_angm30,900,1000,500,east,landward_inundated,4,653625,17.0056452845,65,3420,2,83313.2578125,3151001,7.03775111627,7.18116839367,-2.11260271072,0.800635814667,true,-13.2639455795,-10.6423549652,topo-bathy.tt3,30,30,30,1,0.46989744596,false
aqaba_lsc_c10_angm30,900,1000,500,east,landward_inundated,5,653522,16.6042885187,44,900,4,83283.25,3150971,7.38731326278,2.25448340098,-1.02434738353,1.06407880783,true,-12.9542512894,-10.3870000839,topo-bathy.tt3,30,30,30,1,0.458807215861,false
aqaba_lsc_c10_angm30,900,1000,500,east,landward_inundated,6,738205,15.4897022176,64,3300,2,87514.8203125,3179811.75,11.5326164482,2.89139683736,-1.18946009874,0.306755781174,true,-14.0570201874,-6.50623226166,topo-bathy.tt3,30,30,30,1,0.428009133965,false
aqaba_lsc_c10_angm30,900,1000,500,east,landward_inundated,7,740572,14.9066723458,61,2940,5,87904.96875,3180472,12.9618776041,2.25781619897,0.972867250443,0.506399869919,true,-7.33626270294,-12.9764451981,topo-bathy.tt3,30,30,30,1,0.411898939785,false
aqaba_lsc_c10_angm30,900,1000,500,east,landward_inundated,8,782849,14.7981200914,56,2340,9,93096.8984375,3196738,9.3930763197,0.600483947447,-0.533166319132,0.523095488548,true,9.28304004669,11.5243015289,topo-bathy.tt3,30,30,30,1,0.408899440133,false
aqaba_lsc_c10_angm30,900,1000,500,east,landward_inundated,9,656072,14.4266005698,58,2580,1,83883.46875,3151871.25,3.31039869469,3.10748887676,0.298270714935,0.00606920057908,true,-4.91297578812,13.5642719269,topo-bathy.tt3,30,30,30,1,0.398633668304,false
aqaba_lsc_c10_angm30,900,1000,500,east,landward_inundated,10,667902,14.4061965942,48,1380,12,85324.0078125,3155952.75,0.732073350682,2.12798710101,-1.01442204416,1.24386155605,true,-11.3246793747,-8.9045009613,topo-bathy.tt3,30,30,30,1,0.398069868702,false
aqaba_lsc_c10_angm30,900,1000,500,east,seaward,1,653727,33.1052902202,58,2580,9,83313.2578125,3151031,14.3522295273,-15.2565974382,-3.0969684124,0.533545732498,true,12.045083046,30.8362808228,topo-bathy.tt3,30,30,30,1,0.914760425845,false
aqaba_lsc_c10_angm30,900,1000,500,east,seaward,2,781212,22.1504669592,59,2700,6,93066.890625,3196197.75,5.16319940864,-3.12402810654,-1.9410584569,0.710851490498,true,14.6307001114,-16.6308689117,topo-bathy.tt3,30,30,30,1,0.612058388658,false
aqaba_lsc_c10_angm30,900,1000,500,east,seaward,3,653521,20.8055235365,47,1260,1,83253.234375,3150971,14.2840189202,-14.1423476664,-1.0243473649,0.664183616638,true,-18.2211837769,-10.0428218842,topo-bathy.tt3,30,30,30,1,0.574895113245,false
aqaba_lsc_c10_angm30,900,1000,500,east,seaward,4,738204,18.0186572885,66,3540,3,87484.8125,3179811.75,9.1804923033,-15.1851801715,-1.18946009874,0.670065522194,true,-17.3800106049,-4.75470733643,topo-bathy.tt3,30,30,30,1,0.497888842078,false
aqaba_lsc_c10_angm30,900,1000,500,east,seaward,5,652803,17.9321904857,66,3540,5,83133.1875,3150760.75,13.1413965938,-2.99863725963,-1.88238459826,0.775969803333,true,-13.9733304977,-11.2387495041,topo-bathy.tt3,30,30,30,1,0.49549960432,false
aqaba_lsc_c10_angm30,900,1000,500,east,seaward,6,641254,17.1762494077,57,2460,2,81482.578125,3146499.25,7.51104487589,-1.32271102325,-3.5286077261,1.27323257923,true,8.02044773102,15.1886787415,topo-bathy.tt3,30,30,30,1,0.474611553566,false
aqaba_lsc_c10_angm30,900,1000,500,east,seaward,7,784005,17.10610419,67,3600,4,93336.9921875,3197158,3.59895252404,-0.623271151187,-2.42167192698,0.847604453564,true,9.82017803192,14.0065307617,topo-bathy.tt3,30,30,30,1,0.472673311404,false
aqaba_lsc_c10_angm30,900,1000,500,east,seaward,8,669528,17.0357043081,44,900,11,85504.0703125,3156553,23.7704479582,-2.94090185383,-1.21296840906,0.555455505848,true,15.9496850967,-5.98521232605,topo-bathy.tt3,30,30,30,1,0.470728032402,false
aqaba_lsc_c10_angm30,900,1000,500,east,seaward,9,667118,16.9865616288,59,2700,7,85504.0703125,3155652.75,4.29018285819,-11.8395387623,-6.89856886864,2.9101266861,true,12.9144744873,-11.0344743729,topo-bathy.tt3,30,30,30,1,0.46937012924,false
aqaba_lsc_c10_angm30,900,1000,500,east,seaward,10,781303,16.2647323934,58,2580,2,93036.8828125,3196227.75,5.0649723506,-4.90968888628,-3.39035844803,2.3729634285,true,-15.5201091766,4.86494922638,topo-bathy.tt3,30,30,30,1,0.449424651816,false
aqaba_lsc_c10_angm30,900,1000,500,west,combined_coastal,1,830788,10.6951827492,64,3300,8,79351.78125,3213514.25,4.76470264331,-0.809715163167,-0.746572524309,0.313629567623,true,-6.35723686218,-8.60072517395,topo-bathy.tt3,30,30,30,1,0.295527689415,false
aqaba_lsc_c10_angm30,900,1000,500,west,combined_coastal,2,830881,10.2717879064,46,1140,6,79381.796875,3213544.25,4.15342861696,-1.10721788828,-1.03755170107,0.74664914608,true,-4.58606100082,-9.19117355347,topo-bathy.tt3,30,30,30,1,0.283828506469,false
aqaba_lsc_c10_angm30,900,1000,500,west,combined_coastal,3,830974,9.23826342133,54,2100,5,79411.8046875,3213574.25,3.7091312737,-1.32269462144,-1.24598532915,0.742471694946,true,7.81636142731,4.92442941666,topo-bathy.tt3,30,30,30,1,0.255270312544,false
aqaba_lsc_c10_angm30,900,1000,500,west,combined_coastal,4,831344,8.48242258338,55,2220,9,79471.828125,3213694.25,4.93773259026,-0.677921382648,-0.610688880086,0.417274802923,true,-3.12608361244,-7.88537216187,topo-bathy.tt3,30,30,30,1,0.234385031606,false
aqaba_lsc_c10_angm30,900,1000,500,west,combined_coastal,5,831437,8.28967155354,49,1500,2,79501.8359375,3213724.25,4.39767022693,-1.80287781649,-1.71224030852,1.33434855938,true,8.14340591431,1.55035305023,topo-bathy.tt3,30,30,30,1,0.22905896399,false
aqaba_lsc_c10_angm30,900,1000,500,west,combined_coastal,6,830685,8.2620505565,65,3420,8,79321.7734375,3213484.25,5.44818685979,-0.476200354669,-0.417611330748,0.312062859535,true,-4.99759864807,-6.57917070389,topo-bathy.tt3,30,30,30,1,0.228295744733,false
aqaba_lsc_c10_angm30,900,1000,500,west,combined_coastal,7,833750,7.40945129719,44,900,1,79591.875,3214624.5,13.6801782735,-3.5357007239,-3.6303113699,1.70507907867,true,7.40789794922,0.151711896062,topo-bathy.tt3,30,30,30,1,0.204736849573,false
aqaba_lsc_c10_angm30,900,1000,500,west,combined_coastal,8,831622,6.47261883883,46,1140,4,79531.8515625,3213784.25,1.84881093046,-0.606846983372,-0.556506212801,0.57491093874,true,6.10490274429,2.15057134628,topo-bathy.tt3,30,30,30,1,0.178850435261,false
aqaba_lsc_c10_angm30,900,1000,500,west,combined_coastal,9,833030,6.30055350148,44,900,1,79591.875,3214324.5,18.2712885177,-2.43180859089,-2.3847951889,0.258390426636,true,6.26143026352,0.70104598999,topo-bathy.tt3,30,30,30,1,0.174095951606,false
aqaba_lsc_c10_angm30,900,1000,500,west,combined_coastal,10,779939,6.11913434055,44,900,1,72959.3984375,3195717.5,15.6714313877,-1.33739987907,-1.30413427949,0.288225919008,true,6.08989191055,-0.597512841225,topo-bathy.tt3,30,30,30,1,0.169083004497,false
aqaba_lsc_c10_angm30,900,1000,500,west,landward_inundated,1,841453,5.05374568657,45,1020,1,79381.796875,3217625.75,0.793874410202,0.466152342693,0.443190425634,0.250246495008,true,4.24711275101,2.73904705048,topo-bathy.tt3,30,30,30,1,0.139644344623,false
aqaba_lsc_c10_angm30,900,1000,500,west,landward_inundated,2,778715,5.02702502897,44,900,1,72959.3984375,3195207.5,5.11533011126,0.299717826907,0.248256266117,0.289050161839,true,4.88844060898,1.17223250866,topo-bathy.tt3,30,30,30,1,0.138906003411,false
aqaba_lsc_c10_angm30,900,1000,500,west,landward_inundated,3,723388,4.61321917898,44,900,1,67707.4453125,3174469.75,0.24132377179,0.027262151195,-2.26657915115,0.914146542549,true,4.55762481689,0.714035868645,topo-bathy.tt3,30,30,30,1,0.127471782081,false
aqaba_lsc_c10_angm30,900,1000,500,west,landward_inundated,4,781181,4.58193813904,45,1020,1,72959.3984375,3196197.75,12.3202114377,0.825377958288,-1.2777094394,0.19457693398,true,4.57213687897,-0.299535423517,topo-bathy.tt3,30,30,30,1,0.126607429066,false
aqaba_lsc_c10_angm30,900,1000,500,west,landward_inundated,5,830787,4.53075965258,53,1980,1,79321.7734375,3213514.25,26.3197462355,2.22608976628,2.21999569237,0.100327774882,true,2.05243134499,-4.03922128677,topo-bathy.tt3,30,30,30,1,0.125193272786,false
aqaba_lsc_c10_angm30,900,1000,500,west,landward_inundated,6,787312,4.48988994001,44,900,1,73109.4609375,3198388.5,9.52203947737,0.554359315339,0.751538157463,1.503277421,true,-3.37756299973,-2.95823931694,topo-bathy.tt3,30,30,30,1,0.124063967004,false
aqaba_lsc_c10_angm30,900,1000,500,west,landward_inundated,7,786899,4.48910934368,46,1140,1,72959.3984375,3198268.5,10.3489354609,0.742238719636,0.986028537154,0.23099912703,true,3.57715249062,-2.71220993996,topo-bathy.tt3,30,30,30,1,0.124042397683,false
aqaba_lsc_c10_angm30,900,1000,500,west,landward_inundated,8,765389,4.38416791114,45,1020,3,72839.359375,3189625.25,351.005010432,3.75948248319,3.3955731988,0.303304374218,true,-4.29709196091,-0.869441747665,topo-bathy.tt3,30,30,30,1,0.121142671721,false
aqaba_lsc_c10_angm30,900,1000,500,west,landward_inundated,9,801480,4.3376482394,44,900,1,75570.375,3202980.25,13.5737772823,0.834208312267,-0.257456615567,0.160789236426,true,2.85718250275,-3.26369428635,topo-bathy.tt3,30,30,30,1,0.119857247112,false
aqaba_lsc_c10_angm30,900,1000,500,west,landward_inundated,10,768095,4.24383879251,45,1020,1,73079.4453125,3190645.75,11.6096193601,1.34378365171,-2.29323965311,1.35163629055,true,3.62372684479,-2.20879411697,topo-bathy.tt3,30,30,30,1,0.117265118512,false
aqaba_lsc_c10_angm30,900,1000,500,west,seaward,1,830788,10.6951827492,64,3300,8,79351.78125,3213514.25,4.76470264331,-0.809715163167,-0.746572524309,0.313629567623,true,-6.35723686218,-8.60072517395,topo-bathy.tt3,30,30,30,1,0.295527689415,false
aqaba_lsc_c10_angm30,900,1000,500,west,seaward,2,830881,10.2717879064,46,1140,6,79381.796875,3213544.25,4.15342861696,-1.10721788828,-1.03755170107,0.74664914608,true,-4.58606100082,-9.19117355347,topo-bathy.tt3,30,30,30,1,0.283828506469,false
aqaba_lsc_c10_angm30,900,1000,500,west,seaward,3,830974,9.23826342133,54,2100,5,79411.8046875,3213574.25,3.7091312737,-1.32269462144,-1.24598532915,0.742471694946,true,7.81636142731,4.92442941666,topo-bathy.tt3,30,30,30,1,0.255270312544,false
aqaba_lsc_c10_angm30,900,1000,500,west,seaward,4,831344,8.48242258338,55,2220,9,79471.828125,3213694.25,4.93773259026,-0.677921382648,-0.610688880086,0.417274802923,true,-3.12608361244,-7.88537216187,topo-bathy.tt3,30,30,30,1,0.234385031606,false
aqaba_lsc_c10_angm30,900,1000,500,west,seaward,5,831437,8.28967155354,49,1500,2,79501.8359375,3213724.25,4.39767022693,-1.80287781649,-1.71224030852,1.33434855938,true,8.14340591431,1.55035305023,topo-bathy.tt3,30,30,30,1,0.22905896399,false
aqaba_lsc_c10_angm30,900,1000,500,west,seaward,6,830685,8.2620505565,65,3420,8,79321.7734375,3213484.25,5.44818685979,-0.476200354669,-0.417611330748,0.312062859535,true,-4.99759864807,-6.57917070389,topo-bathy.tt3,30,30,30,1,0.228295744733,false
aqaba_lsc_c10_angm30,900,1000,500,west,seaward,7,833750,7.40945129719,44,900,1,79591.875,3214624.5,13.6801782735,-3.5357007239,-3.6303113699,1.70507907867,true,7.40789794922,0.151711896062,topo-bathy.tt3,30,30,30,1,0.204736849573,false
aqaba_lsc_c10_angm30,900,1000,500,west,seaward,8,831622,6.47261883883,46,1140,4,79531.8515625,3213784.25,1.84881093046,-0.606846983372,-0.556506212801,0.57491093874,true,6.10490274429,2.15057134628,topo-bathy.tt3,30,30,30,1,0.178850435261,false
aqaba_lsc_c10_angm30,900,1000,500,west,seaward,9,833030,6.30055350148,44,900,1,79591.875,3214324.5,18.2712885177,-2.43180859089,-2.3847951889,0.258390426636,true,6.26143026352,0.70104598999,topo-bathy.tt3,30,30,30,1,0.174095951606,false
aqaba_lsc_c10_angm30,900,1000,500,west,seaward,10,779939,6.11913434055,44,900,1,72959.3984375,3195717.5,15.6714313877,-1.33739987907,-1.30413427949,0.288225919008,true,6.08989191055,-0.597512841225,topo-bathy.tt3,30,30,30,1,0.169083004497,false
aqaba_lsd_nc8_angm40,900,1000,500,east,combined_coastal,1,603423,18.1589740151,53,1980,5,75360.296875,3133594.5,24.5751757539,-29.1884035161,-0.295745640993,0.655716300011,true,-13.3092651367,-12.3536148071,topo-bathy.tt3,30,30,30,1,0.753629740909,false
aqaba_lsd_nc8_angm40,900,1000,500,east,combined_coastal,2,650084,17.7644312698,67,3600,2,82412.921875,3149590.5,12.4145200545,3.50710035537,-1.30093464255,0.367903500795,true,-16.475151062,-6.64412641525,topo-bathy.tt3,30,30,30,1,0.73725551477,false
aqaba_lsd_nc8_angm40,900,1000,500,east,combined_coastal,3,603093,17.0916339277,61,2940,5,75300.2734375,3133474.5,35.6423195518,-43.1089048073,-1.94541460276,0.9280205369,true,-13.3927307129,-10.6187906265,topo-bathy.tt3,30,30,30,1,0.709333227631,false
aqaba_lsd_nc8_angm40,900,1000,500,east,combined_coastal,4,607546,16.1001608647,65,3420,1,76050.5546875,3134945,2.23678506491,0.115548335781,-8.41808855534,7.04627370834,true,3.45700883865,15.7246389389,topo-bathy.tt3,30,30,30,1,0.668185330897,false
aqaba_lsd_nc8_angm40,900,1000,500,east,combined_coastal,5,630453,15.9721977369,44,900,1,80312.140625,3143258,0.398023616233,-0.635147440132,-5.49526143074,0.666486978531,true,-5.4549946785,15.0117998123,topo-bathy.tt3,30,30,30,1,0.662874633346,false
aqaba_lsd_nc8_angm40,900,1000,500,east,combined_coastal,6,607381,15.7858693746,66,3540,2,76020.5390625,3134885,9.59178886192,-2.66426706463,-4.51344549656,1.77571284771,true,15.2738513947,3.98787355423,topo-bathy.tt3,30,30,30,1,0.655141674681,false
aqaba_lsd_nc8_angm40,900,1000,500,east,combined_coastal,7,603424,15.3996830175,51,1740,2,75390.3046875,3133594.5,0.960509081338,0.64948280842,-0.295745640993,0.666324853897,true,-12.152718544,-9.45841789246,topo-bathy.tt3,30,30,30,1,0.639114253528,false
aqaba_lsd_nc8_angm40,900,1000,500,east,combined_coastal,8,607630,15.3611796676,67,3600,4,76110.578125,3134975,21.294040899,7.67844290675,-0.123638510704,0.678994059563,true,11.0966882706,10.6221160889,topo-bathy.tt3,30,30,30,1,0.63751629598,false
aqaba_lsd_nc8_angm40,900,1000,500,east,combined_coastal,9,607299,15.2629868726,48,1380,4,76020.5390625,3134855,21.8604742873,1.37110063806,-0.988109141588,0.754054963589,true,-9.15930557251,-12.2092542648,topo-bathy.tt3,30,30,30,1,0.633441120227,false
aqaba_lsd_nc8_angm40,900,1000,500,east,combined_coastal,10,604418,14.1455877897,50,1620,9,75510.3515625,3133894.5,4.78403581292,-1.91923254081,-0.969398569316,0.912789046764,true,-12.8853645325,-5.83652591705,topo-bathy.tt3,30,30,30,1,0.587067069541,false
aqaba_lsd_nc8_angm40,900,1000,500,east,landward_inundated,1,650084,17.7644312698,67,3600,2,82412.921875,3149590.5,12.4145200545,3.50710035537,-1.30093464255,0.367903500795,true,-16.475151062,-6.64412641525,topo-bathy.tt3,30,30,30,1,0.73725551477,false
aqaba_lsd_nc8_angm40,900,1000,500,east,landward_inundated,2,607546,16.1001608647,65,3420,1,76050.5546875,3134945,2.23678506491,0.115548335781,-8.41808855534,7.04627370834,true,3.45700883865,15.7246389389,topo-bathy.tt3,30,30,30,1,0.668185330897,false
aqaba_lsd_nc8_angm40,900,1000,500,east,landward_inundated,3,603424,15.3996830175,51,1740,2,75390.3046875,3133594.5,0.960509081338,0.64948280842,-0.295745640993,0.666324853897,true,-12.152718544,-9.45841789246,topo-bathy.tt3,30,30,30,1,0.639114253528,false
aqaba_lsd_nc8_angm40,900,1000,500,east,landward_inundated,4,607630,15.3611796676,67,3600,4,76110.578125,3134975,21.294040899,7.67844290675,-0.123638510704,0.678994059563,true,11.0966882706,10.6221160889,topo-bathy.tt3,30,30,30,1,0.63751629598,false
aqaba_lsd_nc8_angm40,900,1000,500,east,landward_inundated,5,607299,15.2629868726,48,1380,4,76020.5390625,3134855,21.8604742873,1.37110063806,-0.988109141588,0.754054963589,true,-9.15930557251,-12.2092542648,topo-bathy.tt3,30,30,30,1,0.633441120227,false
aqaba_lsd_nc8_angm40,900,1000,500,east,landward_inundated,6,652588,13.6443144442,53,1980,10,83073.171875,3150520.75,4.52702229323,2.99741370018,-2.41196286678,0.92273235321,true,7.60117673874,11.3309059143,topo-bathy.tt3,30,30,30,1,0.56626333354,false
aqaba_lsd_nc8_angm40,900,1000,500,east,landward_inundated,7,658165,12.842996166,45,1020,3,84003.515625,3152411.5,1.26548860569,1.65292578015,-1.26954075694,1.57198882103,true,-11.1289577484,-6.41005849838,topo-bathy.tt3,30,30,30,1,0.533007198808,false
aqaba_lsd_nc8_angm40,900,1000,500,east,landward_inundated,8,607050,12.5823162909,44,900,1,75930.5078125,3134764.75,25.4349772913,5.51513067567,2.27827054262,0.719644725323,true,7.03144311905,10.4342460632,topo-bathy.tt3,30,30,30,1,0.522188520037,false
aqaba_lsd_nc8_angm40,900,1000,500,east,landward_inundated,9,607133,12.5093141382,47,1260,4,75960.5234375,3134795,19.9666083418,3.65706385592,0.131064116955,0.662554204464,true,10.5266637802,6.75812768936,topo-bathy.tt3,30,30,30,1,0.519158800769,false
aqaba_lsd_nc8_angm40,900,1000,500,east,landward_inundated,10,664233,11.8046787612,48,1380,3,84603.7421875,3154482.25,20.1315209287,1.4858397823,-0.277824416757,0.359246015549,true,-10.9722099304,-4.35442876816,topo-bathy.tt3,30,30,30,1,0.489915178516,false
aqaba_lsd_nc8_angm40,900,1000,500,east,seaward,1,603423,18.1589740151,53,1980,5,75360.296875,3133594.5,24.5751757539,-29.1884035161,-0.295745640993,0.655716300011,true,-13.3092651367,-12.3536148071,topo-bathy.tt3,30,30,30,1,0.753629740909,false
aqaba_lsd_nc8_angm40,900,1000,500,east,seaward,2,603093,17.0916339277,61,2940,5,75300.2734375,3133474.5,35.6423195518,-43.1089048073,-1.94541460276,0.9280205369,true,-13.3927307129,-10.6187906265,topo-bathy.tt3,30,30,30,1,0.709333227631,false
aqaba_lsd_nc8_angm40,900,1000,500,east,seaward,3,630453,15.9721977369,44,900,1,80312.140625,3143258,0.398023616233,-0.635147440132,-5.49526143074,0.666486978531,true,-5.4549946785,15.0117998123,topo-bathy.tt3,30,30,30,1,0.662874633346,false
aqaba_lsd_nc8_angm40,900,1000,500,east,seaward,4,607381,15.7858693746,66,3540,2,76020.5390625,3134885,9.59178886192,-2.66426706463,-4.51344549656,1.77571284771,true,15.2738513947,3.98787355423,topo-bathy.tt3,30,30,30,1,0.655141674681,false
aqaba_lsd_nc8_angm40,900,1000,500,east,seaward,5,604418,14.1455877897,50,1620,9,75510.3515625,3133894.5,4.78403581292,-1.91923254081,-0.969398569316,0.912789046764,true,-12.8853645325,-5.83652591705,topo-bathy.tt3,30,30,30,1,0.587067069541,false
aqaba_lsd_nc8_angm40,900,1000,500,east,seaward,6,604417,14.0760814827,53,1980,4,75480.34375,3133894.5,34.774008899,-31.0361409404,-0.969398528337,0.905558466911,true,-12.9450931549,-5.52816724777,topo-bathy.tt3,30,30,30,1,0.584182434096,false
aqaba_lsd_nc8_angm40,900,1000,500,east,seaward,7,650361,13.7432433777,54,2100,3,82442.9375,3149680.5,19.238678497,-3.20236232489,-0.305854156613,0.404668867588,true,4.21216535568,13.0818347931,topo-bathy.tt3,30,30,30,1,0.570369060351,false
aqaba_lsd_nc8_angm40,900,1000,500,east,seaward,8,603506,13.6826304307,54,2100,2,75390.3046875,3133624.5,25.7328568558,-2.25071018682,-20.0242033005,15.6328229904,true,-12.0406532288,-6.49900341034,topo-bathy.tt3,30,30,30,1,0.567853515173,false
aqaba_lsd_nc8_angm40,900,1000,500,east,seaward,9,634836,13.4752106519,55,2220,3,80522.21875,3144218.5,12.9389753364,-9.75572634808,-1.85952073336,0.76992815733,true,-11.9123477936,-6.2989897728,topo-bathy.tt3,30,30,30,1,0.559245225188,false
aqaba_lsd_nc8_angm40,900,1000,500,east,seaward,10,650269,13.2584981844,67,3600,3,82442.9375,3149650.5,2.65581881514,-0.530568015104,-1.97764253616,0.76057612896,true,8.36042976379,10.2903347015,topo-bathy.tt3,30,30,30,1,0.550251272082,false
aqaba_lsd_nc8_angm40,900,1000,500,west,combined_coastal,1,694584,7.3963755071,45,1020,1,60894.9101562,3163965.75,11.7448656013,2.04207063653,-2.81312310696,1.29671406746,true,6.49238491058,3.54334712029,topo-bathy.tt3,30,30,30,1,0.306962747589,false
aqaba_lsd_nc8_angm40,900,1000,500,west,combined_coastal,2,703185,6.14880558743,44,900,1,62485.5,3167237,74.2113097697,-3.95533945799,-3.55804926157,0.884519636631,true,4.15622329712,-4.53140354156,topo-bathy.tt3,30,30,30,1,0.255186375502,false
aqaba_lsd_nc8_angm40,900,1000,500,west,combined_coastal,3,649885,6.14483433307,46,1140,2,54082.3710938,3149530.25,4.23502486988,-0.315035374637,-3.06484401226,0.553749442101,true,5.97628450394,-1.42933988571,topo-bathy.tt3,30,30,30,1,0.255021561378,false
aqaba_lsd_nc8_angm40,900,1000,500,west,combined_coastal,4,690328,5.92718449588,45,1020,1,60954.9296875,3162195,15.9030333319,1.5964412434,-0.804476618767,1.90003633499,true,-3.43955731392,4.82710695267,topo-bathy.tt3,30,30,30,1,0.245988705762,false
aqaba_lsd_nc8_angm40,900,1000,500,west,combined_coastal,5,699490,5.79041946285,46,1140,1,61375.0859375,3165916.5,12.2236035213,-1.09557080319,-0.885996073484,0.374365776777,true,5.78134679794,-0.324016600847,topo-bathy.tt3,30,30,30,1,0.240312713477,false
aqaba_lsd_nc8_angm40,900,1000,500,west,combined_coastal,6,677191,5.63402816423,44,900,1,58283.9375,3158323.75,36.154553365,-1.26812686039,-0.914731293917,1.33984553814,true,-1.16335475445,5.51261091232,topo-bathy.tt3,30,30,30,1,0.23382219624,false
aqaba_lsd_nc8_angm40,900,1000,500,west,combined_coastal,7,673161,5.62279562039,44,900,1,59634.4375,3157543.25,25.9786929133,-0.573117863383,-0.305276870728,2.09991669655,true,-3.46427559853,4.42884016037,topo-bathy.tt3,30,30,30,1,0.233356025679,false
aqaba_lsd_nc8_angm40,900,1000,500,west,combined_coastal,8,633555,5.59504322337,45,1020,1,51951.578125,3143948.25,88.4265707641,-3.5637475102,-3.00514018536,1.11372876167,true,4.25834608078,-3.62918686867,topo-bathy.tt3,30,30,30,1,0.232204251809,false
aqaba_lsd_nc8_angm40,900,1000,500,west,combined_coastal,9,657153,5.56659127683,44,900,1,54982.7070312,3152051.25,5.2174054189,-0.443485289727,0.250602483749,0.440624177456,true,5.55346870422,-0.381999731064,topo-bathy.tt3,30,30,30,1,0.231023445389,false
aqaba_lsd_nc8_angm40,900,1000,500,west,combined_coastal,10,672634,5.51452667196,46,1140,1,59784.4960938,3157423.25,95.1054450547,-2.33025101652,-2.07026290894,3.18325686455,true,-2.23619103432,5.04077911377,topo-bathy.tt3,30,30,30,1,0.228862671622,false
aqaba_lsd_nc8_angm40,900,1000,500,west,landward_inundated,1,694584,7.3963755071,45,1020,1,60894.9101562,3163965.75,11.7448656013,2.04207063653,-2.81312310696,1.29671406746,true,6.49238491058,3.54334712029,topo-bathy.tt3,30,30,30,1,0.306962747589,false
aqaba_lsd_nc8_angm40,900,1000,500,west,landward_inundated,2,690328,5.92718449588,45,1020,1,60954.9296875,3162195,15.9030333319,1.5964412434,-0.804476618767,1.90003633499,true,-3.43955731392,4.82710695267,topo-bathy.tt3,30,30,30,1,0.245988705762,false
aqaba_lsd_nc8_angm40,900,1000,500,west,landward_inundated,3,648406,5.28399541825,45,1020,2,53752.25,3148960.25,5.30249734274,0.280983218576,-1.99985831976,0.293852508068,true,5.22830629349,0.765128016472,topo-bathy.tt3,30,30,30,1,0.219295214295,false
aqaba_lsd_nc8_angm40,900,1000,500,west,landward_inundated,4,626791,5.18659905618,44,900,1,50661.0976562,3142177.75,4.16447503007,0.450022062098,0.488881319761,0.26117387414,true,5.13061523438,0.759998083115,topo-bathy.tt3,30,30,30,1,0.215253091923,false
aqaba_lsd_nc8_angm40,900,1000,500,west,landward_inundated,5,647422,5.00283218403,50,1620,1,53752.25,3148600,26.9705595536,2.34465955935,-0.381679028273,0.64499014616,true,4.99638128281,-0.253976255655,topo-bathy.tt3,30,30,30,1,0.207626439661,false
aqaba_lsd_nc8_angm40,900,1000,500,west,landward_inundated,6,648488,4.93649218754,47,1260,1,53752.25,3148990.25,6.02871040983,0.48124285972,0.605124488473,0.228229388595,true,4.93481874466,-0.128526553512,topo-bathy.tt3,30,30,30,1,0.204873211735,false
aqaba_lsd_nc8_angm40,900,1000,500,west,landward_inundated,7,705617,4.87700049348,44,900,3,62965.6796875,3168077.25,4.88815446071,0.0913146654622,0.34429359436,1.04906260967,true,3.89109182358,-2.94015955925,topo-bathy.tt3,30,30,30,1,0.202404200548,false
aqaba_lsd_nc8_angm40,900,1000,500,west,landward_inundated,8,612752,4.85468989591,51,1740,4,49610.7070312,3136865.75,12.0285214683,0.793343128681,-1.63238251209,0.253501534462,true,4.6404299736,1.42633223534,topo-bathy.tt3,30,30,30,1,0.201478271041,false
aqaba_lsd_nc8_angm40,900,1000,500,west,landward_inundated,9,619206,4.83371823632,48,1380,3,49610.7070312,3139326.5,11.144213141,0.643299252018,0.353229269385,0.235692217946,true,4.81688690186,0.403029233217,topo-bathy.tt3,30,30,30,1,0.200607909843,false
aqaba_lsd_nc8_angm40,900,1000,500,west,landward_inundated,10,685983,4.77818128214,44,900,1,61165.0078125,3160664.5,1.86942673768,0.127720935031,1.84745560586,0.160805597901,true,0.66005563736,-4.7323718071,topo-bathy.tt3,30,30,30,1,0.1983030274,false
aqaba_lsd_nc8_angm40,900,1000,500,west,seaward,1,703185,6.14880558743,44,900,1,62485.5,3167237,74.2113097697,-3.95533945799,-3.55804926157,0.884519636631,true,4.15622329712,-4.53140354156,topo-bathy.tt3,30,30,30,1,0.255186375502,false
aqaba_lsd_nc8_angm40,900,1000,500,west,seaward,2,649885,6.14483433307,46,1140,2,54082.3710938,3149530.25,4.23502486988,-0.315035374637,-3.06484401226,0.553749442101,true,5.97628450394,-1.42933988571,topo-bathy.tt3,30,30,30,1,0.255021561378,false
aqaba_lsd_nc8_angm40,900,1000,500,west,seaward,3,699490,5.79041946285,46,1140,1,61375.0859375,3165916.5,12.2236035213,-1.09557080319,-0.885996073484,0.374365776777,true,5.78134679794,-0.324016600847,topo-bathy.tt3,30,30,30,1,0.240312713477,false
aqaba_lsd_nc8_angm40,900,1000,500,west,seaward,4,677191,5.63402816423,44,900,1,58283.9375,3158323.75,36.154553365,-1.26812686039,-0.914731293917,1.33984553814,true,-1.16335475445,5.51261091232,topo-bathy.tt3,30,30,30,1,0.23382219624,false
aqaba_lsd_nc8_angm40,900,1000,500,west,seaward,5,673161,5.62279562039,44,900,1,59634.4375,3157543.25,25.9786929133,-0.573117863383,-0.305276870728,2.09991669655,true,-3.46427559853,4.42884016037,topo-bathy.tt3,30,30,30,1,0.233356025679,false
aqaba_lsd_nc8_angm40,900,1000,500,west,seaward,6,633555,5.59504322337,45,1020,1,51951.578125,3143948.25,88.4265707641,-3.5637475102,-3.00514018536,1.11372876167,true,4.25834608078,-3.62918686867,topo-bathy.tt3,30,30,30,1,0.232204251809,false
aqaba_lsd_nc8_angm40,900,1000,500,west,seaward,7,657153,5.56659127683,44,900,1,54982.7070312,3152051.25,5.2174054189,-0.443485289727,0.250602483749,0.440624177456,true,5.55346870422,-0.381999731064,topo-bathy.tt3,30,30,30,1,0.231023445389,false
aqaba_lsd_nc8_angm40,900,1000,500,west,seaward,8,672634,5.51452667196,46,1140,1,59784.4960938,3157423.25,95.1054450547,-2.33025101652,-2.07026290894,3.18325686455,true,-2.23619103432,5.04077911377,topo-bathy.tt3,30,30,30,1,0.228862671622,false
aqaba_lsd_nc8_angm40,900,1000,500,west,seaward,9,632876,5.44258708004,45,1020,1,51831.53125,3143798.25,94.0462953494,-4.22039068036,-3.73956859112,1.02949368954,true,3.8219935894,-3.87480568886,topo-bathy.tt3,30,30,30,1,0.22587705052,false
aqaba_lsd_nc8_angm40,900,1000,500,west,seaward,10,676854,5.29516042728,44,900,1,58193.9023438,3158263.5,20.7304872442,-0.799250823168,-0.443778753281,1.49890196323,true,-1.38449323177,5.11095905304,topo-bathy.tt3,30,30,30,1,0.219758582041,false
aqaba_lse_c10_angm40,900,1000,500,east,combined_coastal,1,653734,35.0387643355,54,2100,11,83313.2578125,3151031,14.3522295273,-15.2565974382,-3.096968472,0.574825823307,true,12.377366066,32.7798080444,topo-bathy.tt3,30,30,30,1,0.844164177086,false
aqaba_lse_c10_angm40,900,1000,500,east,combined_coastal,2,653735,33.1519422692,45,1020,5,83343.265625,3151031,3.47471362921,3.12202569097,-3.096968472,0.548976242542,true,12.0357179642,30.8900108337,topo-bathy.tt3,30,30,30,1,0.798706307006,false
aqaba_lse_c10_angm40,900,1000,500,east,combined_coastal,3,742250,27.6873734511,48,1380,15,88355.1328125,3181012,8.59469079178,1.38931069268,-2.82728636265,0.762763619423,true,-25.9438400269,-9.66994380951,topo-bathy.tt3,30,30,30,1,0.667052313865,false
aqaba_lse_c10_angm40,900,1000,500,east,combined_coastal,4,678686,21.1756641504,59,2700,2,86974.625,3158683.75,17.6684376468,2.36036501072,-4.45161676407,2.01849007607,true,7.95423936844,19.6249542236,topo-bathy.tt3,30,30,30,1,0.510170305396,false
aqaba_lse_c10_angm40,900,1000,500,east,combined_coastal,5,653528,18.9225517718,57,2460,3,83253.234375,3150971,14.2840189202,-14.1423476664,-1.0243473351,0.756697237492,true,-15.3549585342,-11.0584001541,topo-bathy.tt3,30,30,30,1,0.455887661786,false
aqaba_lse_c10_angm40,900,1000,500,east,combined_coastal,6,738312,17.4530394263,56,2340,6,87514.8203125,3179811.75,11.5326164482,2.89139683736,-1.18946009874,0.346250295639,true,-15.3231201172,-8.35527229309,topo-bathy.tt3,30,30,30,1,0.420483739777,false
aqaba_lse_c10_angm40,900,1000,500,east,combined_coastal,7,653529,17.261978345,52,1860,1,83283.25,3150971,7.38731326278,2.25448340098,-1.0243472904,1.23587703705,true,-12.3280439377,-12.0828485489,topo-bathy.tt3,30,30,30,1,0.415880640224,false
aqaba_lse_c10_angm40,900,1000,500,east,combined_coastal,8,996183,17.0704831199,66,3540,8,109543.023438,3266664,38.71755846,-38.3387510275,-0.952277183533,0.348397016525,true,12.5385131836,11.5839147568,topo-bathy.tt3,30,30,30,1,0.41126708115,false
aqaba_lse_c10_angm40,900,1000,500,east,combined_coastal,9,676511,16.7388568764,51,1740,3,86404.40625,3158293.75,31.2371270778,-24.4826037173,-2.05233210325,1.52130782604,true,-11.2746868134,-12.372177124,topo-bathy.tt3,30,30,30,1,0.403277444521,false
aqaba_lse_c10_angm40,900,1000,500,east,combined_coastal,10,665483,16.7379383988,64,3300,8,84783.8046875,3155082.5,43.7206574552,-14.7220649337,1.73929986358,0.344009548426,true,-11.4214696884,-12.2355470657,topo-bathy.tt3,30,30,30,1,0.403255316289,false
aqaba_lse_c10_angm40,900,1000,500,east,landward_inundated,1,653735,33.1519422692,45,1020,5,83343.265625,3151031,3.47471362921,3.12202569097,-3.096968472,0.548976242542,true,12.0357179642,30.8900108337,topo-bathy.tt3,30,30,30,1,0.798706307006,false
aqaba_lse_c10_angm40,900,1000,500,east,landward_inundated,2,742250,27.6873734511,48,1380,15,88355.1328125,3181012,8.59469079178,1.38931069268,-2.82728636265,0.762763619423,true,-25.9438400269,-9.66994380951,topo-bathy.tt3,30,30,30,1,0.667052313865,false
aqaba_lse_c10_angm40,900,1000,500,east,landward_inundated,3,678686,21.1756641504,59,2700,2,86974.625,3158683.75,17.6684376468,2.36036501072,-4.45161676407,2.01849007607,true,7.95423936844,19.6249542236,topo-bathy.tt3,30,30,30,1,0.510170305396,false
aqaba_lse_c10_angm40,900,1000,500,east,landward_inundated,4,738312,17.4530394263,56,2340,6,87514.8203125,3179811.75,11.5326164482,2.89139683736,-1.18946009874,0.346250295639,true,-15.3231201172,-8.35527229309,topo-bathy.tt3,30,30,30,1,0.420483739777,false
aqaba_lse_c10_angm40,900,1000,500,east,landward_inundated,5,653529,17.261978345,52,1860,1,83283.25,3150971,7.38731326278,2.25448340098,-1.0243472904,1.23587703705,true,-12.3280439377,-12.0828485489,topo-bathy.tt3,30,30,30,1,0.415880640224,false
aqaba_lse_c10_angm40,900,1000,500,east,landward_inundated,6,681042,15.7806801654,67,3600,6,87574.84375,3159104,10.9039972578,1.97509316051,-0.744032144547,0.598067462444,true,-14.6074771881,-5.97088575363,topo-bathy.tt3,30,30,30,1,0.380192770446,false
aqaba_lse_c10_angm40,900,1000,500,east,landward_inundated,7,668677,15.7189754981,50,1620,5,85564.09375,3156252.75,17.9409922855,3.71568529799,-1.10100951791,0.77617007494,true,9.84551620483,12.2536525726,topo-bathy.tt3,30,30,30,1,0.37870616352,false
aqaba_lse_c10_angm40,900,1000,500,east,landward_inundated,8,664655,15.3926849571,45,1020,3,84783.8046875,3154812.25,161.920699102,3.23540794071,-3.92126643658,2.54273557663,true,-9.71783924103,-11.9372673035,topo-bathy.tt3,30,30,30,1,0.3708450762,false
aqaba_lse_c10_angm40,900,1000,500,east,landward_inundated,9,680871,15.3877700362,52,1860,2,87334.7578125,3159074,9.44200829548,2.52213868718,0.46030831337,0.915052652359,true,-15.2451219559,2.09038829803,topo-bathy.tt3,30,30,30,1,0.370726664484,false
aqaba_lse_c10_angm40,900,1000,500,east,landward_inundated,10,665484,15.3140088582,58,2580,4,84813.8203125,3155082.5,19.948243814,3.9267066379,1.73929986358,0.461621910334,true,-7.40067577362,-13.4070453644,topo-bathy.tt3,30,30,30,1,0.368949588572,false
aqaba_lse_c10_angm40,900,1000,500,east,seaward,1,653734,35.0387643355,54,2100,11,83313.2578125,3151031,14.3522295273,-15.2565974382,-3.096968472,0.574825823307,true,12.377366066,32.7798080444,topo-bathy.tt3,30,30,30,1,0.844164177086,false
aqaba_lse_c10_angm40,900,1000,500,east,seaward,2,653528,18.9225517718,57,2460,3,83253.234375,3150971,14.2840189202,-14.1423476664,-1.0243473351,0.756697237492,true,-15.3549585342,-11.0584001541,topo-bathy.tt3,30,30,30,1,0.455887661786,false
aqaba_lse_c10_angm40,900,1000,500,east,seaward,3,996183,17.0704831199,66,3540,8,109543.023438,3266664,38.71755846,-38.3387510275,-0.952277183533,0.348397016525,true,12.5385131836,11.5839147568,topo-bathy.tt3,30,30,30,1,0.41126708115,false
aqaba_lse_c10_angm40,900,1000,500,east,seaward,4,676511,16.7388568764,51,1740,3,86404.40625,3158293.75,31.2371270778,-24.4826037173,-2.05233210325,1.52130782604,true,-11.2746868134,-12.372177124,topo-bathy.tt3,30,30,30,1,0.403277444521,false
aqaba_lse_c10_angm40,900,1000,500,east,seaward,5,665483,16.7379383988,64,3300,8,84783.8046875,3155082.5,43.7206574552,-14.7220649337,1.73929986358,0.344009548426,true,-11.4214696884,-12.2355470657,topo-bathy.tt3,30,30,30,1,0.403255316289,false
aqaba_lse_c10_angm40,900,1000,500,east,seaward,6,652810,16.6566482626,47,1260,5,83133.1875,3150760.75,13.1413965938,-2.99863725963,-1.88238465786,0.553894519806,true,-13.0930185318,-10.2964458466,topo-bathy.tt3,30,30,30,1,0.401296850511,false
aqaba_lse_c10_angm40,900,1000,500,east,seaward,7,681041,16.5345327934,54,2100,2,87544.8359375,3159104,6.36113216523,-5.42963061661,-0.744032159448,0.551669955254,true,-14.7638463974,-7.44443511963,topo-bathy.tt3,30,30,30,1,0.398354808845,false
aqaba_lse_c10_angm40,900,1000,500,east,seaward,8,676512,16.3481684973,62,3060,6,86434.421875,3158293.75,1.97175893394,-0.210543844593,-2.05233216286,1.59982252121,true,-11.5085544586,-11.6110200882,topo-bathy.tt3,30,30,30,1,0.393864865616,false
aqaba_lse_c10_angm40,900,1000,500,east,seaward,9,669535,16.0473599484,45,1020,6,85504.0703125,3156553,23.7704479582,-2.94090185383,-1.21296840906,0.572798728943,true,15.642408371,-3.58229279518,topo-bathy.tt3,30,30,30,1,0.386617697917,false
aqaba_lse_c10_angm40,900,1000,500,east,seaward,10,731977,15.6174019613,65,3420,3,87244.71875,3177620.75,8.29475585142,-7.58720694217,-4.72838354111,1.66420149803,true,7.80982160568,-13.5244197845,topo-bathy.tt3,30,30,30,1,0.376259024109,false
aqaba_lse_c10_angm40,900,1000,500,west,combined_coastal,1,710633,5.62186791555,45,1020,1,64706.328125,3170088,8.33984526804,-0.966976214573,-1.52102279663,0.649142205715,true,5.4871006012,1.22357094288,topo-bathy.tt3,30,30,30,1,0.135443689086,false
aqaba_lse_c10_angm40,900,1000,500,west,combined_coastal,2,690046,5.19528445023,48,1380,1,60834.8867188,3162315.25,24.793711216,3.40071307184,-0.313236169517,0.285278707743,true,4.69136333466,2.23205971718,topo-bathy.tt3,30,30,30,1,0.125166315246,false
aqaba_lse_c10_angm40,900,1000,500,west,combined_coastal,3,726886,5.19063385084,44,900,1,68277.65625,3175700,11.7238805815,-0.893262821288,-1.01926138997,0.262306839228,true,5.19063138962,0.00505475606769,topo-bathy.tt3,30,30,30,1,0.125054271643,false
aqaba_lse_c10_angm40,900,1000,500,west,combined_coastal,4,684194,5.00869027152,44,900,1,61074.9765625,3160214.25,8.947010135,-0.761698152621,-1.08599019051,0.273951768875,true,4.87985134125,-1.12872898579,topo-bathy.tt3,30,30,30,1,0.120670833619,false
aqaba_lse_c10_angm40,900,1000,500,west,combined_coastal,5,688512,4.89334818706,44,900,2,61195.0195312,3161775,1.90991938936,0.0692717374768,-0.61578329606,0.618040323257,true,4.78687620163,1.01522052288,topo-bathy.tt3,30,30,30,1,0.117891978323,false
aqaba_lse_c10_angm40,900,1000,500,west,combined_coastal,6,690681,4.78343911835,47,1260,1,60804.875,3162555.25,28.3875132737,-1.53899449464,-1.64542639256,1.04027926922,true,4.14717960358,2.38373470306,topo-bathy.tt3,30,30,30,1,0.115244016835,false
aqaba_lse_c10_angm40,900,1000,500,west,combined_coastal,7,690752,4.78275296333,46,1140,1,60774.8632812,3162585.25,1.87209746295,-0.168610828491,-0.225825756788,0.386170595884,true,4.50189065933,1.61483943462,topo-bathy.tt3,30,30,30,1,0.115227485788,false
aqaba_lse_c10_angm40,900,1000,500,west,combined_coastal,8,690609,4.70389224839,47,1260,1,60804.875,3162525.25,25.0747497148,-1.25163369181,-1.36513602734,1.06115198135,true,4.22016048431,2.07770252228,topo-bathy.tt3,30,30,30,1,0.113327550336,false
aqaba_lse_c10_angm40,900,1000,500,west,combined_coastal,9,790041,4.66614006046,49,1500,1,74429.953125,3199409,100.099446477,-3.74794553111,-3.64869457483,0.885023415089,true,0.706429243088,-4.61235523224,topo-bathy.tt3,30,30,30,1,0.112418013563,false
aqaba_lse_c10_angm40,900,1000,500,west,combined_coastal,10,694225,4.61194849947,44,900,1,60924.9179688,3164055.75,5.79229841639,0.127343457847,0.699067592621,0.299595654011,true,4.56272697449,0.672005593777,topo-bathy.tt3,30,30,30,1,0.111112414597,false
aqaba_lse_c10_angm40,900,1000,500,west,landward_inundated,1,690046,5.19528445023,48,1380,1,60834.8867188,3162315.25,24.793711216,3.40071307184,-0.313236169517,0.285278707743,true,4.69136333466,2.23205971718,topo-bathy.tt3,30,30,30,1,0.125166315246,false
aqaba_lse_c10_angm40,900,1000,500,west,landward_inundated,2,688512,4.89334818706,44,900,2,61195.0195312,3161775,1.90991938936,0.0692717374768,-0.61578329606,0.618040323257,true,4.78687620163,1.01522052288,topo-bathy.tt3,30,30,30,1,0.117891978323,false
aqaba_lse_c10_angm40,900,1000,500,west,landward_inundated,3,694225,4.61194849947,44,900,1,60924.9179688,3164055.75,5.79229841639,0.127343457847,0.699067592621,0.299595654011,true,4.56272697449,0.672005593777,topo-bathy.tt3,30,30,30,1,0.111112414597,false
aqaba_lse_c10_angm40,900,1000,500,west,landward_inundated,4,680998,4.5680702248,54,2100,2,60774.8632812,3159104,1.91429785181,0.0243339891741,-1.26645436883,0.261567503214,true,4.09735488892,2.01964068413,topo-bathy.tt3,30,30,30,1,0.110055286347,false
aqaba_lse_c10_angm40,900,1000,500,west,landward_inundated,5,746960,4.45419579755,45,1020,1,71098.7109375,3182752.75,14.2480045287,1.27060407005,-0.539707325399,0.468680769205,true,4.26969909668,1.26867246628,topo-bathy.tt3,30,30,30,1,0.107311790279,false
aqaba_lse_c10_angm40,900,1000,500,west,landward_inundated,6,690128,4.41787219369,49,1500,1,60834.8867188,3162345.25,9.52400671119,0.352865047756,0.0432329177856,0.338065028191,true,3.46044516563,2.74643659592,topo-bathy.tt3,30,30,30,1,0.106436671372,false
aqaba_lse_c10_angm40,900,1000,500,west,landward_inundated,7,705011,4.41047491731,45,1020,2,62965.6796875,3168077.25,4.88815446071,0.0913146654622,-1.02117423713,1.06618714333,true,4.19242334366,-1.36962604523,topo-bathy.tt3,30,30,30,1,0.106258454022,false
aqaba_lse_c10_angm40,900,1000,500,west,landward_inundated,8,768300,4.40089484116,46,1140,1,72899.3828125,3191005.75,27.8600306088,2.22690708956,-0.242041543126,0.384488999844,true,4.40086698532,-0.0156582389027,topo-bathy.tt3,30,30,30,1,0.10602764802,false
aqaba_lse_c10_angm40,900,1000,500,west,landward_inundated,9,743829,4.32763697975,46,1140,2,70408.453125,3181582.25,22.6810510597,1.27635690296,1.45402231812,0.38058385253,true,4.0329618454,-1.56960523129,topo-bathy.tt3,30,30,30,1,0.104262698158,false
aqaba_lse_c10_angm40,900,1000,500,west,landward_inundated,10,834018,4.19110471079,59,2700,19,79621.8828125,3215074.75,0.860570865966,2.34534468628,-0.580422058702,0.350633949041,true,-1.58042967319,-3.88170075417,topo-bathy.tt3,30,30,30,1,0.100973322729,false
aqaba_lse_c10_angm40,900,1000,500,west,seaward,1,710633,5.62186791555,45,1020,1,64706.328125,3170088,8.33984526804,-0.966976214573,-1.52102279663,0.649142205715,true,5.4871006012,1.22357094288,topo-bathy.tt3,30,30,30,1,0.135443689086,false
aqaba_lse_c10_angm40,900,1000,500,west,seaward,2,726886,5.19063385084,44,900,1,68277.65625,3175700,11.7238805815,-0.893262821288,-1.01926138997,0.262306839228,true,5.19063138962,0.00505475606769,topo-bathy.tt3,30,30,30,1,0.125054271643,false
aqaba_lse_c10_angm40,900,1000,500,west,seaward,3,684194,5.00869027152,44,900,1,61074.9765625,3160214.25,8.947010135,-0.761698152621,-1.08599019051,0.273951768875,true,4.87985134125,-1.12872898579,topo-bathy.tt3,30,30,30,1,0.120670833619,false
aqaba_lse_c10_angm40,900,1000,500,west,seaward,4,690681,4.78343911835,47,1260,1,60804.875,3162555.25,28.3875132737,-1.53899449464,-1.64542639256,1.04027926922,true,4.14717960358,2.38373470306,topo-bathy.tt3,30,30,30,1,0.115244016835,false
aqaba_lse_c10_angm40,900,1000,500,west,seaward,5,690752,4.78275296333,46,1140,1,60774.8632812,3162585.25,1.87209746295,-0.168610828491,-0.225825756788,0.386170595884,true,4.50189065933,1.61483943462,topo-bathy.tt3,30,30,30,1,0.115227485788,false
aqaba_lse_c10_angm40,900,1000,500,west,seaward,6,690609,4.70389224839,47,1260,1,60804.875,3162525.25,25.0747497148,-1.25163369181,-1.36513602734,1.06115198135,true,4.22016048431,2.07770252228,topo-bathy.tt3,30,30,30,1,0.113327550336,false
aqaba_lse_c10_angm40,900,1000,500,west,seaward,7,790041,4.66614006046,49,1500,1,74429.953125,3199409,100.099446477,-3.74794553111,-3.64869457483,0.885023415089,true,0.706429243088,-4.61235523224,topo-bathy.tt3,30,30,30,1,0.112418013563,false
aqaba_lse_c10_angm40,900,1000,500,west,seaward,8,727528,4.50387201358,46,1140,2,68217.6328125,3175910.25,11.1310249722,-0.585240628938,-0.808614224195,0.269385963678,true,4.49630355835,0.260993152857,topo-bathy.tt3,30,30,30,1,0.108508604231,false
aqaba_lse_c10_angm40,900,1000,500,west,seaward,9,683175,4.49340367499,44,900,1,60984.9414062,3159824.25,18.4498032046,-1.95726156246,-1.73530414701,0.246464282274,true,4.11188745499,1.81192111969,topo-bathy.tt3,30,30,30,1,0.108256397951,false
aqaba_lse_c10_angm40,900,1000,500,west,seaward,10,643458,4.48394988228,44,900,1,53692.2265625,3147309.5,19.3900022669,-2.09528411652,-1.74021095037,1.16760599613,true,3.32296609879,3.0105984211,topo-bathy.tt3,30,30,30,1,0.108028634407,false
aqaba_lsf_nc10_angm30,900,1000,500,east,combined_coastal,1,738308,15.4424089415,44,900,2,87544.8359375,3179841.75,9.14002827672,1.13133585126,-0.767416805029,0.312130540609,true,-14.7329072952,-4.62703323364,topo-bathy.tt3,30,30,30,1,0.29436756817,false
aqaba_lsf_nc10_angm30,900,1000,500,east,combined_coastal,2,741153,14.5555561902,44,900,1,88115.046875,3180682,2.2258653012,1.77427948704,-2.10649985075,1.31030130386,true,6.4664812088,13.0402774811,topo-bathy.tt3,30,30,30,1,0.27746213012,false
aqaba_lsf_nc10_angm30,900,1000,500,east,combined_coastal,3,738307,13.5139710909,47,1260,2,87514.8203125,3179841.75,10.8480304157,-13.6116686056,-0.767416805029,1.05805802345,true,-10.0972585678,-8.98180294037,topo-bathy.tt3,30,30,30,1,0.257607140273,false
aqaba_lsf_nc10_angm30,900,1000,500,east,combined_coastal,4,725141,13.1725895713,45,1020,24,87995,3175160,46.818200599,-61.9251386854,-2.84279364347,1.96023738384,true,5.5802822113,-11.9322071075,topo-bathy.tt3,30,30,30,1,0.251099629165,false
aqaba_lsf_nc10_angm30,900,1000,500,east,combined_coastal,5,731546,12.9129095554,58,2580,3,87364.765625,3177500.75,17.5075255352,-9.48105934859,-6.04735815525,4.14275789261,true,5.79199075699,-11.5410604477,topo-bathy.tt3,30,30,30,1,0.246149535234,false
aqaba_lsf_nc10_angm30,900,1000,500,east,combined_coastal,6,740737,12.4495748659,46,1140,1,87934.9765625,3180532,6.90316538794,-5.22524039417,-12.142837286,9.66118335724,true,-10.283823967,-7.01675701141,topo-bathy.tt3,30,30,30,1,0.237317318296,false
aqaba_lsf_nc10_angm30,900,1000,500,east,combined_coastal,7,740572,12.1527656264,45,1020,1,87904.96875,3180472,12.9618776041,2.25781619897,0.972867131233,1.11480438709,true,-11.2484674454,-4.60018396378,topo-bathy.tt3,30,30,30,1,0.231659456601,false
aqaba_lsf_nc10_angm30,900,1000,500,east,combined_coastal,8,681027,11.8932364298,49,1500,1,87334.7578125,3159104,20.1598501673,-2.30423130409,-17.6863365173,13.4697389603,true,-10.9203414917,-4.71117973328,topo-bathy.tt3,30,30,30,1,0.226712237629,false
aqaba_lsf_nc10_angm30,900,1000,500,east,combined_coastal,9,731466,11.3598930727,50,1620,5,87424.7890625,3177470.75,0.295106192778,-3.50663634554,-1.1371538043,0.593541920185,true,6.1386680603,-9.55844783783,topo-bathy.tt3,30,30,30,1,0.216545495664,false
aqaba_lsf_nc10_angm30,900,1000,500,east,combined_coastal,10,738204,11.0084845445,48,1380,1,87484.8125,3179811.75,9.1804923033,-15.1851801715,-1.18946015835,0.627726078033,true,-9.66442394257,-5.27120876312,topo-bathy.tt3,30,30,30,1,0.20984684688,false
aqaba_lsf_nc10_angm30,900,1000,500,east,landward_inundated,1,738308,15.4424089415,44,900,2,87544.8359375,3179841.75,9.14002827672,1.13133585126,-0.767416805029,0.312130540609,true,-14.7329072952,-4.62703323364,topo-bathy.tt3,30,30,30,1,0.29436756817,false
aqaba_lsf_nc10_angm30,900,1000,500,east,landward_inundated,2,741153,14.5555561902,44,900,1,88115.046875,3180682,2.2258653012,1.77427948704,-2.10649985075,1.31030130386,true,6.4664812088,13.0402774811,topo-bathy.tt3,30,30,30,1,0.27746213012,false
aqaba_lsf_nc10_angm30,900,1000,500,east,landward_inundated,3,740572,12.1527656264,45,1020,1,87904.96875,3180472,12.9618776041,2.25781619897,0.972867131233,1.11480438709,true,-11.2484674454,-4.60018396378,topo-bathy.tt3,30,30,30,1,0.231659456601,false
aqaba_lsf_nc10_angm30,900,1000,500,east,landward_inundated,4,738864,10.3188122496,45,1020,1,87724.8984375,3179991.75,8.89875343502,2.8099207582,2.09547755122,0.479522019625,true,-9.66729450226,-3.60850429535,topo-bathy.tt3,30,30,30,1,0.196700118475,false
aqaba_lsf_nc10_angm30,900,1000,500,east,landward_inundated,5,740154,9.79847950825,44,900,1,87904.96875,3180351.75,6.31310152562,2.43972689502,2.27860437334,0.160530224442,true,-9.63757514954,1.76843035221,topo-bathy.tt3,30,30,30,1,0.186781388548,false
aqaba_lsf_nc10_angm30,900,1000,500,east,landward_inundated,6,680864,9.20121406934,54,2100,3,87334.7578125,3159074,9.44200829548,2.52213868718,0.460308253765,0.560885608196,true,-4.80555486679,-7.84659051895,topo-bathy.tt3,30,30,30,1,0.175396145774,false
aqaba_lsf_nc10_angm30,900,1000,500,east,landward_inundated,7,680210,9.00081122138,55,2220,1,87274.734375,3158954,4.55943262884,3.50611558021,2.10720479488,0.707950949669,true,-7.69851350784,-4.66342067719,topo-bathy.tt3,30,30,30,1,0.171576009989,false
aqaba_lsf_nc10_angm30,900,1000,500,east,landward_inundated,8,679375,8.91197581934,59,2700,12,87214.7109375,3158803.75,15.5781612201,2.36863548788,-0.966032415628,0.503378450871,true,-1.80763852596,-8.72672653198,topo-bathy.tt3,30,30,30,1,0.169882604422,false
aqaba_lsf_nc10_angm30,900,1000,500,east,landward_inundated,9,679371,8.47472994155,56,2340,8,87094.6640625,3158803.75,15.7382708507,3.78442205853,-0.0898583233356,0.334455251694,true,-3.11391305923,7.88191556931,topo-bathy.tt3,30,30,30,1,0.161547699795,false
aqaba_lsf_nc10_angm30,900,1000,500,east,landward_inundated,10,681035,8.19606665447,50,1620,2,87574.84375,3159104,10.9039972578,1.97509316051,-0.744032151997,0.644595146179,true,4.42750167847,6.8972992897,topo-bathy.tt3,30,30,30,1,0.156235741378,false
aqaba_lsf_nc10_angm30,900,1000,500,east,seaward,1,738307,13.5139710909,47,1260,2,87514.8203125,3179841.75,10.8480304157,-13.6116686056,-0.767416805029,1.05805802345,true,-10.0972585678,-8.98180294037,topo-bathy.tt3,30,30,30,1,0.257607140273,false
aqaba_lsf_nc10_angm30,900,1000,500,east,seaward,2,725141,13.1725895713,45,1020,24,87995,3175160,46.818200599,-61.9251386854,-2.84279364347,1.96023738384,true,5.5802822113,-11.9322071075,topo-bathy.tt3,30,30,30,1,0.251099629165,false
aqaba_lsf_nc10_angm30,900,1000,500,east,seaward,3,731546,12.9129095554,58,2580,3,87364.765625,3177500.75,17.5075255352,-9.48105934859,-6.04735815525,4.14275789261,true,5.79199075699,-11.5410604477,topo-bathy.tt3,30,30,30,1,0.246149535234,false
aqaba_lsf_nc10_angm30,900,1000,500,east,seaward,4,740737,12.4495748659,46,1140,1,87934.9765625,3180532,6.90316538794,-5.22524039417,-12.142837286,9.66118335724,true,-10.283823967,-7.01675701141,topo-bathy.tt3,30,30,30,1,0.237317318296,false
aqaba_lsf_nc10_angm30,900,1000,500,east,seaward,5,681027,11.8932364298,49,1500,1,87334.7578125,3159104,20.1598501673,-2.30423130409,-17.6863365173,13.4697389603,true,-10.9203414917,-4.71117973328,topo-bathy.tt3,30,30,30,1,0.226712237629,false
aqaba_lsf_nc10_angm30,900,1000,500,east,seaward,6,731466,11.3598930727,50,1620,5,87424.7890625,3177470.75,0.295106192778,-3.50663634554,-1.1371538043,0.593541920185,true,6.1386680603,-9.55844783783,topo-bathy.tt3,30,30,30,1,0.216545495664,false
aqaba_lsf_nc10_angm30,900,1000,500,east,seaward,7,738204,11.0084845445,48,1380,1,87484.8125,3179811.75,9.1804923033,-15.1851801715,-1.18946015835,0.627726078033,true,-9.66442394257,-5.27120876312,topo-bathy.tt3,30,30,30,1,0.20984684688,false
aqaba_lsf_nc10_angm30,900,1000,500,east,seaward,8,739089,10.715866706,46,1140,1,87754.9140625,3180051.75,1.89518181015,-3.59458184403,-7.75050604343,6.11322307587,true,-8.2223777771,-6.87184858322,topo-bathy.tt3,30,30,30,1,0.204268882856,false
aqaba_lsf_nc10_angm30,900,1000,500,east,seaward,9,740571,10.620269637,47,1260,1,87874.9609375,3180472,12.2624967584,-26.1955282586,0.972867310047,0.922193706036,true,-9.44815254211,-4.85000419617,topo-bathy.tt3,30,30,30,1,0.20244658448,false
aqaba_lsf_nc10_angm30,900,1000,500,east,seaward,10,731789,10.3947492941,55,2220,2,87274.734375,3177590.75,10.7812204655,-6.53108994574,-3.7357943058,2.71942687035,true,2.41644406319,-10.1099758148,topo-bathy.tt3,30,30,30,1,0.1981476519,false
aqaba_lsf_nc10_angm30,900,1000,500,west,combined_coastal,1,834711,4.32988240976,51,1740,22,79621.8828125,3215074.75,0.860570865966,2.34534468628,-0.580422073603,0.325723946095,true,-1.59962141514,-4.02356719971,topo-bathy.tt3,30,30,30,1,0.0825374434944,false
aqaba_lsf_nc10_angm30,900,1000,500,west,combined_coastal,2,746969,3.84707872211,44,900,1,71098.7109375,3182692.75,22.7669878283,-2.43273204259,-1.95280861855,0.313673257828,true,3.82453989983,-0.415823578835,topo-bathy.tt3,30,30,30,1,0.0733341030067,false
aqaba_lsf_nc10_angm30,900,1000,500,west,combined_coastal,3,811717,3.76574160072,44,900,1,75540.359375,3207302,23.6789618228,0.90134012146,0.916075527668,0.781078159809,true,0.904613316059,3.65547323227,topo-bathy.tt3,30,30,30,1,0.0717836317873,false
aqaba_lsf_nc10_angm30,900,1000,500,west,combined_coastal,4,744437,3.73802382684,46,1140,2,70678.5546875,3181822.5,6.00226126349,-0.594520327097,-0.141043438343,0.137824863195,true,1.97194027901,-3.17557454109,topo-bathy.tt3,30,30,30,1,0.0712552677396,false
aqaba_lsf_nc10_angm30,900,1000,500,west,combined_coastal,5,778142,3.71416763452,44,900,1,73049.4375,3194967.25,18.503316075,-1.23406289663,-1.32612401247,0.554738402367,true,3.61131739616,-0.868002235889,topo-bathy.tt3,30,30,30,1,0.0708005142524,false
aqaba_lsf_nc10_angm30,900,1000,500,west,combined_coastal,6,704923,3.1703576157,44,900,2,62995.6914062,3168047.25,34.7844229804,-1.84348791206,-1.64653080702,0.531947076321,true,2.84069633484,-1.40769731998,topo-bathy.tt3,30,30,30,1,0.0604342538203,false
aqaba_lsf_nc10_angm30,900,1000,500,west,combined_coastal,7,720855,3.16193121734,47,1260,3,67017.1875,3173719.5,50.3335813117,-2.15533883311,-1.45484605432,0.989402711391,true,0.195899412036,-3.15585684776,topo-bathy.tt3,30,30,30,1,0.0602736274307,false
aqaba_lsf_nc10_angm30,900,1000,500,west,combined_coastal,8,768995,3.15148075747,44,900,2,72959.3984375,3191005.75,30.4159710565,-2.71684348074,-2.81244814396,1.06990623474,true,2.59846806526,1.78319787979,topo-bathy.tt3,30,30,30,1,0.0600744178079,false
aqaba_lsf_nc10_angm30,900,1000,500,west,combined_coastal,9,742393,3.1169101818,48,1380,2,70198.375,3181102.25,16.1076382986,-1.23357952765,-1.47995769978,0.856550991535,true,-1.29578638077,-2.83479571342,topo-bathy.tt3,30,30,30,1,0.059415423714,false
aqaba_lsf_nc10_angm30,900,1000,500,west,combined_coastal,10,790916,3.04608422122,46,1140,1,74369.9296875,3199469,17.2769325972,-0.865497332976,-1.15874293447,0.861835181713,true,0.598986208439,-2.98661088943,topo-bathy.tt3,30,30,30,1,0.0580653192155,false
aqaba_lsf_nc10_angm30,900,1000,500,west,landward_inundated,1,834711,4.32988240976,51,1740,22,79621.8828125,3215074.75,0.860570865966,2.34534468628,-0.580422073603,0.325723946095,true,-1.59962141514,-4.02356719971,topo-bathy.tt3,30,30,30,1,0.0825374434944,false
aqaba_lsf_nc10_angm30,900,1000,500,west,landward_inundated,2,811717,3.76574160072,44,900,1,75540.359375,3207302,23.6789618228,0.90134012146,0.916075527668,0.781078159809,true,0.904613316059,3.65547323227,topo-bathy.tt3,30,30,30,1,0.0717836317873,false
aqaba_lsf_nc10_angm30,900,1000,500,west,landward_inundated,3,836077,2.95675909062,67,3600,10,79681.90625,3215735,1.1103691946,1.61538938814,-2.03237184882,1.85724067688,true,-0.73793721199,2.86319279671,topo-bathy.tt3,30,30,30,1,0.0563625783043,false
aqaba_lsf_nc10_angm30,900,1000,500,west,landward_inundated,4,836139,2.95675909062,67,3600,3,79681.90625,3215765,4.57057922737,0.778625697766,-2.03237184882,1.85724067688,true,-0.73793721199,2.86319279671,topo-bathy.tt3,30,30,30,1,0.0563625783043,false
aqaba_lsf_nc10_angm30,900,1000,500,west,landward_inundated,5,794047,2.55060057389,44,900,1,75360.296875,3200489.25,15.0715692017,0.914009085185,-0.857329785824,1.06829369068,true,2.53469824791,0.284373134375,topo-bathy.tt3,30,30,30,1,0.048620269749,false
aqaba_lsf_nc10_angm30,900,1000,500,west,landward_inundated,6,689380,2.54873363897,48,1380,1,61044.9648438,3162075,7.15392010691,0.676510630785,-1.96846073866,1.16144824028,true,2.50085902214,-0.491678059101,topo-bathy.tt3,30,30,30,1,0.0485846817074,false
aqaba_lsf_nc10_angm30,900,1000,500,west,landward_inundated,7,692962,2.47917071799,44,900,7,60804.875,3163575.5,39.2889229271,4.19665218012,-0.278678190894,0.290621638298,true,2.47158622742,-0.193775564432,topo-bathy.tt3,30,30,30,1,0.0472586536271,false
aqaba_lsf_nc10_angm30,900,1000,500,west,landward_inundated,8,793829,2.47185688873,45,1020,1,75300.2734375,3200399.25,22.0289527904,1.3688424755,-0.808003604412,0.306308090687,true,2.28144073486,0.95136988163,topo-bathy.tt3,30,30,30,1,0.0471192353446,false
aqaba_lsf_nc10_angm30,900,1000,500,west,landward_inundated,9,743136,2.46484980367,46,1140,1,70348.4296875,3181372.25,12.3000433362,0.711885707883,-0.295666903257,0.492048293352,true,2.45862746239,0.17503015697,topo-bathy.tt3,30,30,30,1,0.0469856643067,false
aqaba_lsf_nc10_angm30,900,1000,500,west,landward_inundated,10,795422,2.40055278774,44,900,2,75390.3046875,3200999.5,23.1895288689,1.11083880717,-0.242557346821,1.14236235619,true,-2.39372634888,0.180908411741,topo-bathy.tt3,30,30,30,1,0.0457600163984,false
aqaba_lsf_nc10_angm30,900,1000,500,west,seaward,1,746969,3.84707872211,44,900,1,71098.7109375,3182692.75,22.7669878283,-2.43273204259,-1.95280861855,0.313673257828,true,3.82453989983,-0.415823578835,topo-bathy.tt3,30,30,30,1,0.0733341030067,false
aqaba_lsf_nc10_angm30,900,1000,500,west,seaward,2,744437,3.73802382684,46,1140,2,70678.5546875,3181822.5,6.00226126349,-0.594520327097,-0.141043438343,0.137824863195,true,1.97194027901,-3.17557454109,topo-bathy.tt3,30,30,30,1,0.0712552677396,false
aqaba_lsf_nc10_angm30,900,1000,500,west,seaward,3,778142,3.71416763452,44,900,1,73049.4375,3194967.25,18.503316075,-1.23406289663,-1.32612401247,0.554738402367,true,3.61131739616,-0.868002235889,topo-bathy.tt3,30,30,30,1,0.0708005142524,false
aqaba_lsf_nc10_angm30,900,1000,500,west,seaward,4,704923,3.1703576157,44,900,2,62995.6914062,3168047.25,34.7844229804,-1.84348791206,-1.64653080702,0.531947076321,true,2.84069633484,-1.40769731998,topo-bathy.tt3,30,30,30,1,0.0604342538203,false
aqaba_lsf_nc10_angm30,900,1000,500,west,seaward,5,720855,3.16193121734,47,1260,3,67017.1875,3173719.5,50.3335813117,-2.15533883311,-1.45484605432,0.989402711391,true,0.195899412036,-3.15585684776,topo-bathy.tt3,30,30,30,1,0.0602736274307,false
aqaba_lsf_nc10_angm30,900,1000,500,west,seaward,6,768995,3.15148075747,44,900,2,72959.3984375,3191005.75,30.4159710565,-2.71684348074,-2.81244814396,1.06990623474,true,2.59846806526,1.78319787979,topo-bathy.tt3,30,30,30,1,0.0600744178079,false
aqaba_lsf_nc10_angm30,900,1000,500,west,seaward,7,742393,3.1169101818,48,1380,2,70198.375,3181102.25,16.1076382986,-1.23357952765,-1.47995769978,0.856550991535,true,-1.29578638077,-2.83479571342,topo-bathy.tt3,30,30,30,1,0.059415423714,false
aqaba_lsf_nc10_angm30,900,1000,500,west,seaward,8,790916,3.04608422122,46,1140,1,74369.9296875,3199469,17.2769325972,-0.865497332976,-1.15874293447,0.861835181713,true,0.598986208439,-2.98661088943,topo-bathy.tt3,30,30,30,1,0.0580653192155,false
aqaba_lsf_nc10_angm30,900,1000,500,west,seaward,9,763737,3.03400720968,54,2100,5,72779.3359375,3189025,19.6115325055,-1.67084527947,-1.29726421833,0.673680841923,true,2.54290103912,1.65494835377,topo-bathy.tt3,30,30,30,1,0.0578351038048,false
aqaba_lsf_nc10_angm30,900,1000,500,west,seaward,10,719763,2.97946152749,48,1380,4,66356.9453125,3173419.25,53.4724938324,-2.23437136088,-1.48982936144,0.90428674221,true,0.147747263312,-2.97579598427,topo-bathy.tt3,30,30,30,1,0.0567953385789,false
